ID / NO URUT,OWNER,ALAMAT OWNER,SITE ID,SITE SAP,SITE NAME,LONGITUDE,LATTITUDE,TINGGI MENARA (m),TINGGI BANGUNAN (m),JUMLAH PENGGUNA,JUMLAH KAKI/LEGS,ALAMAT MENARA,TOWER TYPE,SITE TYPE,NO IJIN,TANGGAL IJIN,BERLAKU HINGGA,JENIS IJIN (IMB/PBG),STATUS IJIN,PRS,PRS ID
1,PT. Dayamitra Telekomunikasi Tbk,"Gedung PT. Telekomunikasi Indonesia, Tbk. Jl. Pahlawan No. 10 Semarang Jawa Tengah",,,Diwak,110.4264733,-7.196965,52,,3,4,Kenangkan Rt.01/Rw.07  Bergas Kidul Bergas Semarang Semarang 50241,,,,,,,,,
2,PT. Dayamitra Telekomunikasi Tbk,"Gedung PT. Telekomunikasi Indonesia, Tbk. Jl. Pahlawan No. 10 Semarang Jawa Tengah",,,BANDUNGAN,110.36098,-7.22226,32,,0,4,Jl.Trunojoyo/ Tirtomoyo  Ds Bandungan Semarang Semarang Semarang 50243,,,,,,,,,
3,PT. Dayamitra Telekomunikasi Tbk,"Gedung PT. Telekomunikasi Indonesia, Tbk. Jl. Pahlawan No. 10 Semarang Jawa Tengah",,,UNGARAN,110.40904,-7.14966,37,,1,4,Jl. Diponegoro No.255 Kel Gedanganak,,,,,,,,,
4,PT. Dayamitra Telekomunikasi Tbk,"Gedung PT. Telekomunikasi Indonesia, Tbk. Jl. Pahlawan No. 10 Semarang Jawa Tengah",,,Somagawe,110.46454,-7.36683,72,,3,4,"RT.3 RW.05 Dsn Rajan  Ds.Sumogawe Kec.Getasan, Semarang Semarang 50241",,,,,,,,,
5,PT. Dayamitra Telekomunikasi Tbk,"Gedung PT. Telekomunikasi Indonesia, Tbk. Jl. Pahlawan No. 10 Semarang Jawa Tengah",,,Brangkal,110.49538,-7.25149,30,,3,4,Sombron RT 001/RW 002  Kel.Tlomplakan Kec.Tuntang Semarang Semarang 50773,,,,,,,,,
6,PT. Dayamitra Telekomunikasi Tbk,"Gedung PT. Telekomunikasi Indonesia, Tbk. Jl. Pahlawan No. 10 Semarang Jawa Tengah",,,TEMPURANUNGARAN,110.5918083,-7.2069817,72,,1,4,"Jl. Cekelan RT 05 RW II Kel. Tempuran Kec. Bringin Kab. Semarang, Jawa Tengah",,,,,,,,,
7,PT. Dayamitra Telekomunikasi Tbk,"Gedung PT. Telekomunikasi Indonesia, Tbk. Jl. Pahlawan No. 10 Semarang Jawa Tengah",,,SUKORINI BANDUNGA,110.3601,-7.22513,42,,2,4,Dusun Golak RT.003/RW.007  Ds Kenteng Bandungan Semarang Semarang 50241,,,,,,,,,
8,PT. Dayamitra Telekomunikasi Tbk,"Gedung PT. Telekomunikasi Indonesia, Tbk. Jl. Pahlawan No. 10 Semarang Jawa Tengah",,,KALIMOSODOBANDU,110.37659,-7.22293,62,,4,4,"Dusun Ngunut RT,002/RW,001 Desa Jetis Kec, Bandungan Kab, Semarang",,,,,,,,,
9,PT. Dayamitra Telekomunikasi Tbk,"Gedung PT. Telekomunikasi Indonesia, Tbk. Jl. Pahlawan No. 10 Semarang Jawa Tengah",,,SugionoUNR,110.41711,-7.12171,42,,4,4,Susukan Krajan RT.001/RW.004  Susukan Ungaran Timur Semarang Semarang 50241,,,,,,,,,
10,PT. Dayamitra Telekomunikasi Tbk,"Gedung PT. Telekomunikasi Indonesia, Tbk. Jl. Pahlawan No. 10 Semarang Jawa Tengah",,,KALIREJO CITY,110.42223,-7.13037,42,,3,4,Jl. Jatiraya RT 03 RW 01 No. 55 Kalirejo Ungaran Timur Semarang Semarang 50241,,,,,,,,,
11,PT. Dayamitra Telekomunikasi Tbk,"Gedung PT. Telekomunikasi Indonesia, Tbk. Jl. Pahlawan No. 10 Semarang Jawa Tengah",,,Sugiopranoto-Ambara,110.39244,-7.26087,62,,4,4,Lingkungan sumber rt.02 rw.04  panjang kec. ambarawa Semarang Semarang 50241,,,,,,,,,
12,PT. Dayamitra Telekomunikasi Tbk,"Gedung PT. Telekomunikasi Indonesia, Tbk. Jl. Pahlawan No. 10 Semarang Jawa Tengah",,,Letjend S Parman Ung,110.41153,-7.1385,36,,2,1,Jl Letjen S Parman RT 6 RW 1  Sidomulyo Ungaran Timur Semarang Semarang 50241,,,,,,,,,
13,PT. Dayamitra Telekomunikasi Tbk,"Gedung PT. Telekomunikasi Indonesia, Tbk. Jl. Pahlawan No. 10 Semarang Jawa Tengah",,,JetakDuren,110.36501,-7.215,52,,1,4,Desa Pitoyo RT.03 RW.06  Bandungan Bandungan Semarang Semarang 50241,,,,,,,,,
14,PT. Dayamitra Telekomunikasi Tbk,"Gedung PT. Telekomunikasi Indonesia, Tbk. Jl. Pahlawan No. 10 Semarang Jawa Tengah",,,KartiniAmbarawa,110.42107,-7.24784,52,,2,4,"Kelurahan Bawen, RT.001 RW.014  Bawen Bawen Semarang Semarang 50241",,,,,,,,,
15,PT. Dayamitra Telekomunikasi Tbk,"Gedung PT. Telekomunikasi Indonesia, Tbk. Jl. Pahlawan No. 10 Semarang Jawa Tengah",,,TengaranUngaran,110.52174,-7.41665,62,,4,4,"Dusun Kali waru, RT.002 RW.005  Tengaran Tengaran Semarang Semarang 50241",,,,,,,,,
16,PT. Dayamitra Telekomunikasi Tbk,"Gedung PT. Telekomunikasi Indonesia, Tbk. Jl. Pahlawan No. 10 Semarang Jawa Tengah",,,Kaliwungu SusukanRe,110.62704,-7.46444,42,,1,4,Dsn. Canggal RT. 003/017  Kaliwungu Kaliwungu Semarang Semarang 50241,,,,,,,,,
17,PT. Dayamitra Telekomunikasi Tbk,"Gedung PT. Telekomunikasi Indonesia, Tbk. Jl. Pahlawan No. 10 Semarang Jawa Tengah",,,KarangGondangPabe,110.53197,-7.32379,42,,3,4,Dsn. Kalangan RT.002 RW.005  Sukoharjo Pabelan Semarang Semarang 50241,,,,,,,,,
18,PT. Dayamitra Telekomunikasi Tbk,"Gedung PT. Telekomunikasi Indonesia, Tbk. Jl. Pahlawan No. 10 Semarang Jawa Tengah",,,3G_NYAMAT_TENGAR,110.53450,-7.34425,42,,2,4,Rt 01 Rw 01  Ujung Ujung Pabelan Semarang Semarang 50241,,,,,,,,,
19,PT. Dayamitra Telekomunikasi Tbk,"Gedung PT. Telekomunikasi Indonesia, Tbk. Jl. Pahlawan No. 10 Semarang Jawa Tengah",,,BlueGemahBeringin,110.57803,-7.32575,42,,2,1,Watusetugel RT.020 RW.07 Krandon Lor  Watusetugel Krandon Lor Semarang Semarang 50241,,,,,,,,,
20,PT. Dayamitra Telekomunikasi Tbk,"Gedung PT. Telekomunikasi Indonesia, Tbk. Jl. Pahlawan No. 10 Semarang Jawa Tengah",,,SAMBANTBG,110.42963,-7.21888,72,,3,4,"Jl. Raya Bawen KM 31.5, Kel. Harjosari, Kec. Bawen, Kab. Semarang, 55061, Jawa Tengah",,,,,,,,,
21,PT. Dayamitra Telekomunikasi Tbk,"Gedung PT. Telekomunikasi Indonesia, Tbk. Jl. Pahlawan No. 10 Semarang Jawa Tengah",,,Kebonagung,110.30020,-7.26110,52,,1,4,Dsn Ngasinan Rt.02/03  Kebon Agung Sumowono Semarang Semarang 28111,,,,,,,,,
22,PT. Dayamitra Telekomunikasi Tbk,"Gedung PT. Telekomunikasi Indonesia, Tbk. Jl. Pahlawan No. 10 Semarang Jawa Tengah",,,CandiGedongsongo,110.34189,-7.21032,36,,1,1,Area Candi Gedongsongo  Gedongsongo Bandungan Semarang Semarang 50241,,,,,,,,,
23,PT. Dayamitra Telekomunikasi Tbk,"Gedung PT. Telekomunikasi Indonesia, Tbk. Jl. Pahlawan No. 10 Semarang Jawa Tengah",,,MedayuSuruh,110.56185,-7.39282,42,,2,4,Dusun Kidul Jurang RT010 RW002  Dsn Kidul Jurang Susukan Semarang Semarang 40115,,,,,,,,,
24,PT. Dayamitra Telekomunikasi Tbk,"Gedung PT. Telekomunikasi Indonesia, Tbk. Jl. Pahlawan No. 10 Semarang Jawa Tengah",,,TukangPabelan Reloc,110.56854,-7.31302,26,,1,1,Ds Tukang RT 01 RW 02  Tukang Pabelan Semarang Semarang 50241,,,,,,,,,
25,PT. Dayamitra Telekomunikasi Tbk,"Gedung PT. Telekomunikasi Indonesia, Tbk. Jl. Pahlawan No. 10 Semarang Jawa Tengah",,,WiruBringinRelocatio,110.57089,-7.22436,26,,1,1,Ds Wiru RT 02 RW 01  Wiru Bringin Semarang Semarang 50241,,,,,,,,,
26,PT. Dayamitra Telekomunikasi Tbk,"Gedung PT. Telekomunikasi Indonesia, Tbk. Jl. Pahlawan No. 10 Semarang Jawa Tengah",,,PakisBringinReloc,110.53686,-7.23553,26,,1,1,Rt. 002/ Rw. 001 Rembes kec. Bringin  Rembes Bringin Semarang Semarang 50241,,,,,,,,,
27,PT. Dayamitra Telekomunikasi Tbk,"Gedung PT. Telekomunikasi Indonesia, Tbk. Jl. Pahlawan No. 10 Semarang Jawa Tengah",,,restarea tolsalatiga,110.53317,-7.32765,52,,1,3,Dusun Baok RT3 RW4  Ujung Ujung Pabelan Semarang Semarang 50241,,,,,,,,,
28,PT. Dayamitra Telekomunikasi Tbk,"Gedung PT. Telekomunikasi Indonesia, Tbk. Jl. Pahlawan No. 10 Semarang Jawa Tengah",,,NalenTolUngaran,110.49698,-7.28233,52,,1,3,Watuagung RT 00 RW 06  Watuagung Tuntang Semarang Semarang 50241,,,,,,,,,
29,PT. Dayamitra Telekomunikasi Tbk,"Gedung PT. Telekomunikasi Indonesia, Tbk. Jl. Pahlawan No. 10 Semarang Jawa Tengah",,,KALIWUNGUSMG,110.62537,-7.46300,52,,1,4,"DUSUN SANGGAL DESA KALIWUNGU RT3 RW17,KEC.KALIWUNGU",,,,,,,,,
30,PT. Dayamitra Telekomunikasi Tbk,"Gedung PT. Telekomunikasi Indonesia, Tbk. Jl. Pahlawan No. 10 Semarang Jawa Tengah",,,KAWENGEN,110.47715,-7.10145,72,,1,4,JL. DUKUH SLELU RT01/RW03 DS. KAWENGEN KEC. UNGARAN TIMUR,,,,,,,,,
31,PT. Dayamitra Telekomunikasi Tbk,"Gedung PT. Telekomunikasi Indonesia, Tbk. Jl. Pahlawan No. 10 Semarang Jawa Tengah",,,KALONGANSMG,110.46423,-7.14385,52,,3,4,DS. KAMBANGAN RT 01/ 13 KEL GONDORIYO KEC BERGAS SEMARANG KAB SEMARANG,,,,,,,,,
32,PT. Dayamitra Telekomunikasi Tbk,"Gedung PT. Telekomunikasi Indonesia, Tbk. Jl. Pahlawan No. 10 Semarang Jawa Tengah",,,PRINGAPUSUTARA,110.48890,-7.17904,52,,4,4,WONOREJO KRAJAN RT 03 RW 01 DS. WONOREJO KEC PRINGAPUS KAB SEMARANG,,,,,,,,,
33,PT. Dayamitra Telekomunikasi Tbk,"Gedung PT. Telekomunikasi Indonesia, Tbk. Jl. Pahlawan No. 10 Semarang Jawa Tengah",,,GOGODALEM,110.55189,-7.23035,52,,3,4,"DUSUN PLATARAN RT 01 RW 02 DESA GOGODALEM BRINGIN, KAB. SEMARANG",,,,,,,,,
34,PT. Dayamitra Telekomunikasi Tbk,"Gedung PT. Telekomunikasi Indonesia, Tbk. Jl. Pahlawan No. 10 Semarang Jawa Tengah",,,PRINGAPUS_TM,110.46349,-7.18898,70,,1,4,"RT 04/03, KEL. PRINGAPUS, KEC. PRINGAPUS, SEMARANG",,,,,,,,,
35,PT. Dayamitra Telekomunikasi Tbk,"Gedung PT. Telekomunikasi Indonesia, Tbk. Jl. Pahlawan No. 10 Semarang Jawa Tengah",,,UNGARAN_PEMDA,110.40364,-7.13817,52,,2,4,JL. SLAMET RIYADI NO.2 UNGARAN,,,,,,,,,
36,PT. Dayamitra Telekomunikasi Tbk,"Gedung PT. Telekomunikasi Indonesia, Tbk. Jl. Pahlawan No. 10 Semarang Jawa Tengah",,,JAMBU,110.36691,-7.27778,72,,1,4,NGASEMSARI RT 8 RW 3 KEL. JAMBU KEC. JAMBU KAB. SEMARANG,,,,,,,,,
37,PT. Dayamitra Telekomunikasi Tbk,"Gedung PT. Telekomunikasi Indonesia, Tbk. Jl. Pahlawan No. 10 Semarang Jawa Tengah",,,BAWEN,110.43283,-7.23756,55,,1,4,JL. RAYA SEMARANG - SOLO,,,,,,,,,
38,PT. Dayamitra Telekomunikasi Tbk,"Gedung PT. Telekomunikasi Indonesia, Tbk. Jl. Pahlawan No. 10 Semarang Jawa Tengah",,,KALIGANDU,110.51300,-7.39772,70,,2,4,"DS KLERO RT 10/03 KEC. TENGARAN, SEMARANG",,,,,,,,,
39,PT. Dayamitra Telekomunikasi Tbk,"Gedung PT. Telekomunikasi Indonesia, Tbk. Jl. Pahlawan No. 10 Semarang Jawa Tengah",,,NYATNYONO,110.39312,-7.14494,52,,4,4,"JL. HASAN MUNADI RT.03 RW.02 KAMPUNG SENDANG REJO, DESA NYATNYONO, KECAMATAN UNGARAN, KABUPATEN SEMARANG",,,,,,,,,
40,PT. Dayamitra Telekomunikasi Tbk,"Gedung PT. Telekomunikasi Indonesia, Tbk. Jl. Pahlawan No. 10 Semarang Jawa Tengah",,,KALIREJO,110.43196,-7.13918,72,,4,4,"JL. YUDHISTIRA RT.03 / RW.11 KELURAHAN KALONGAN, KECAMATAN UNGARAN TIMUR, KABUPATEN SEMARANG",,,,,,,,,
41,PT. Dayamitra Telekomunikasi Tbk,"Gedung PT. Telekomunikasi Indonesia, Tbk. Jl. Pahlawan No. 10 Semarang Jawa Tengah",,,KLEPUDMT(P),110.41891,-7.17970,72,,2,4,Dk Sikunir Rt 03 Rw 07 Bargas Lor Bargas Kab Semarang,,,,,,,,,
42,PT. Dayamitra Telekomunikasi Tbk,"Gedung PT. Telekomunikasi Indonesia, Tbk. Jl. Pahlawan No. 10 Semarang Jawa Tengah",,,PRINGAPUSDMT,110.44402,-7.18646,72,,3,4,Desa Klepu Rt01 Rw01 Kel. Klepu Kec. Pringapus,,,,,,,,,
43,PT. Dayamitra Telekomunikasi Tbk,"Gedung PT. Telekomunikasi Indonesia, Tbk. Jl. Pahlawan No. 10 Semarang Jawa Tengah",,,BERGASDMT,110.38822,-7.20989,72,,2,3,Jl. Jimbaran Blater Rt.07 Rw.03 Kel. Jimbaran Kec. Bawen Kab. Semarang,,,,,,,,,
44,PT. Dayamitra Telekomunikasi Tbk,"Gedung PT. Telekomunikasi Indonesia, Tbk. Jl. Pahlawan No. 10 Semarang Jawa Tengah",,,MAPAGANDMT,110.39798,-7.11790,72,,2,4,Dusun Kretek Rt06 Rw 08 Desa Lerep Kec Ungaran Barat Kab Semarang,,,,,,,,,
45,PT. Dayamitra Telekomunikasi Tbk,"Gedung PT. Telekomunikasi Indonesia, Tbk. Jl. Pahlawan No. 10 Semarang Jawa Tengah",,,JAMBUDMT,110.37336,-7.27469,72,,1,4,Jambu Lor Rt.04 Rw.01 Kel. Jambu Kec. Jambu Kab. Ungaran,,,,,,,,,
46,PT. Dayamitra Telekomunikasi Tbk,"Gedung PT. Telekomunikasi Indonesia, Tbk. Jl. Pahlawan No. 10 Semarang Jawa Tengah",,,NYATNYONODMT,110.385113888888,-7.15025,72,,3,4,Kel. Nyatyono RT.02 RW.04 Kec. Ungaran Barat Kab. Semarang,,,,,,,,,
47,PT. Dayamitra Telekomunikasi Tbk,"Gedung PT. Telekomunikasi Indonesia, Tbk. Jl. Pahlawan No. 10 Semarang Jawa Tengah",,,NGAJARANDMT,110.512385,-7.21644,72,,2,4,Desa Tanjung Rt01 Rw01 Kec Bringin Kab Semarang,,,,,,,,,
48,PT. Dayamitra Telekomunikasi Tbk,"Gedung PT. Telekomunikasi Indonesia, Tbk. Jl. Pahlawan No. 10 Semarang Jawa Tengah",,,UNGARAN2DMT,110.41036,-7.12701,62,,3,4,Jl. Jalak Ray III Rt: 12/1 Kuncen Ungaran,,,,,,,,,
49,PT. Dayamitra Telekomunikasi Tbk,"Gedung PT. Telekomunikasi Indonesia, Tbk. Jl. Pahlawan No. 10 Semarang Jawa Tengah",,,Wujil,110.406000,-7.174200,42,,1,4,Jl. Desa Pagersari RT/RW. 002/010  Wujil Bergas Semarang Semarang 50241,,,,,,,,,
50,PT. Dayamitra Telekomunikasi Tbk,"Gedung PT. Telekomunikasi Indonesia, Tbk. Jl. Pahlawan No. 10 Semarang Jawa Tengah",,,BantalBancak,110.6190097,-7.248379,72,,1,4,Dusun Jatisari RT.08/02 Desa Plumutan  Ds Plumutan Bancak Semarang Semarang 50241,,,,,,,,,
51,PT. Dayamitra Telekomunikasi Tbk,"Gedung PT. Telekomunikasi Indonesia, Tbk. Jl. Pahlawan No. 10 Semarang Jawa Tengah",,,Giling,110.53647,-7.276960,72,,1,4,"Desa Giling Kec. Pabelan, RT/RW : 06/02  Ds Giling Pabelan Semarang Semarang 50241",,,,,,,,,
52,PT. Dayamitra Telekomunikasi Tbk,"Gedung PT. Telekomunikasi Indonesia, Tbk. Jl. Pahlawan No. 10 Semarang Jawa Tengah",,,Giling,110.470414,-7.154591,72,,1,4,Jl. Jimbaran Lor RT/RW : 03/08  Ds Gondoriyo Bergas Semarang Semarang 50241,,,,,,,,,
53,PT. Dayamitra Telekomunikasi Tbk,"Gedung PT. Telekomunikasi Indonesia, Tbk. Jl. Pahlawan No. 10 Semarang Jawa Tengah",,,TLOGO,110.490707,-7.265585,72,,1,4,"Kp Krajan desa Tlogo RT 1 RW 1 Kel. Tlogo , Kec. Tuntang, Kab. Semarang",,,,,,,,,
54,PT. Dayamitra Telekomunikasi Tbk,"Gedung PT. Telekomunikasi Indonesia, Tbk. Jl. Pahlawan No. 10 Semarang Jawa Tengah",,,BABADAN,110.411807,-7.161775,72,,1,4,"Jl. Jayanegara RT 5 RW 5, Kel. Langensari,  Kec. Ungaran Bar., Kab Semarang",,,,,,,,,
55,PT. Dayamitra Telekomunikasi Tbk,"Gedung PT. Telekomunikasi Indonesia, Tbk. Jl. Pahlawan No. 10 Semarang Jawa Tengah",,,AMBARAWA,110.402,-7.252916667,72,,1,4,"Jl. Dr. Cipto No.100  Kel. Kranggan, Kec. Ambarawa, Kab. Semarang",,,,,,,,,
56,PT. Dayamitra Telekomunikasi Tbk,"Gedung PT. Telekomunikasi Indonesia, Tbk. Jl. Pahlawan No. 10 Semarang Jawa Tengah",,,BANYUBIRU,110.401708,-7.29344,72,,1,4,"Jalan Melati Banyubiru, Banyubiru, Kampungrapet, Banyubiru, Semarang, Jawa Tengah 50664",,,,,,,,,
57,PT. Dayamitra Telekomunikasi Tbk,"Gedung PT. Telekomunikasi Indonesia, Tbk. Jl. Pahlawan No. 10 Semarang Jawa Tengah",,,SRUWEN,110.5291944,-7.42916667,72,,1,3,"Jl. Merbabu, Dusun Tegalrejo Rt 01/Rw. 01, Kel. Tegalrejo, Kec. Tengaran, Kab. Semarang, Prop. Jateng",,,,,,,,,
58,PT. Dayamitra Telekomunikasi Tbk,"Gedung PT. Telekomunikasi Indonesia, Tbk. Jl. Pahlawan No. 10 Semarang Jawa Tengah",,,GETASAN,110.443332,-7.377927,72,,1,4,"Jampelan RT 2 RW 2 Kel. Getasan Kec. Getasan,Kab. Semarang, Jawa Tengah",,,,,,,,,
59,PT. Dayamitra Telekomunikasi Tbk,"Gedung PT. Telekomunikasi Indonesia, Tbk. Jl. Pahlawan No. 10 Semarang Jawa Tengah",,,PABELAN,110.5127487,-7.28832117,72,,1,4,"RT 006 RW 001 , Desa Pabelan  Kec.Pabelan,Kab. Semarang, Jawa Tengah 50771",,,,,,,,,
60,PT. Dayamitra Telekomunikasi Tbk,"Gedung PT. Telekomunikasi Indonesia, Tbk. Jl. Pahlawan No. 10 Semarang Jawa Tengah",,,LEYANGAN,110.432543,-7.139024,72,,1,4,Kp Rejowinangun Desa Kalongan Kec. Ungaran Timur Kab. Semarang,,,,,,,,,
61,PT. Dayamitra Telekomunikasi Tbk,"Gedung PT. Telekomunikasi Indonesia, Tbk. Jl. Pahlawan No. 10 Semarang Jawa Tengah",,,TAWANGSATU,110.6215833,-7.432136111,72,,1,4,"Dusun Tawang II RT 03 RW 05 Kel. Tawang, Kec. Susukan, Kab. Semarang",,,,,,,,,
62,PT. Dayamitra Telekomunikasi Tbk,"Gedung PT. Telekomunikasi Indonesia, Tbk. Jl. Pahlawan No. 10 Semarang Jawa Tengah",,,REGUNUNG,110.5504694,-7.409,72,,1,3,"Dusun Dlisem RT:12, / RW:04, Ngaduman, Cukil, Kec. Tengaran, Semarang, Jawa Tengah 50775",,,,,,,,,
63,PT. Dayamitra Telekomunikasi Tbk,"Gedung PT. Telekomunikasi Indonesia, Tbk. Jl. Pahlawan No. 10 Semarang Jawa Tengah",,,MEDAYU,110.5953,-7.3672,72,,1,4,"Dukuh Rejosari, RT.11 RW.03, Kel. Medayu Kec. Suruh Kab Semarang, Jawa Tengah",,,,,,,,,
64,PT. Dayamitra Telekomunikasi Tbk,"Gedung PT. Telekomunikasi Indonesia, Tbk. Jl. Pahlawan No. 10 Semarang Jawa Tengah",,,WONOYOSO,110.49188,-7.177068,72,,1,4,"Dusun Wonorejo RT 04 RW 01 Desa Wonorejo, Kec. Pringapus,Kab. Semarang, Jawa Tengah 50212",,,,,,,,,
65,PT. Dayamitra Telekomunikasi Tbk,"Gedung PT. Telekomunikasi Indonesia, Tbk. Jl. Pahlawan No. 10 Semarang Jawa Tengah",,,SETUGUR,110.486288,-7.389925,72,,1,3,Jalan Merbabu Raya RT 001 RW 001 Desa Jetak Kec. Getas Kab. Semarang,,,,,,,,,
66,PT. Dayamitra Telekomunikasi Tbk,"Gedung PT. Telekomunikasi Indonesia, Tbk. Jl. Pahlawan No. 10 Semarang Jawa Tengah",,,TEGALSALE,110.5306667,-7.30875,72,,3,4,"Dusun Tegal Sale Desa Jembrak, Kec. Pabelan Kab. Semarang",,,,,,,,,
67,PT. Dayamitra Telekomunikasi Tbk,"Gedung PT. Telekomunikasi Indonesia, Tbk. Jl. Pahlawan No. 10 Semarang Jawa Tengah",,,PAGERSARI,110.3896083,-7.184916667,42,,2,4,Desa  Gebugan Kec.Bergas Kab. Semarang,,,,,,,,,
68,PT. Dayamitra Telekomunikasi Tbk,"Gedung PT. Telekomunikasi Indonesia, Tbk. Jl. Pahlawan No. 10 Semarang Jawa Tengah",,,Kopeng,110.421405,-7.399456,42,,1,4,"Umbul Songo RW 09 RW 03, Kel. Kopeng, Kec. Getasan, Kab. Semarang",,,,,,,,,
69,PT. Dayamitra Telekomunikasi Tbk,"Gedung PT. Telekomunikasi Indonesia, Tbk. Jl. Pahlawan No. 10 Semarang Jawa Tengah",,,Susukan,110.5925278,-7.410055556,72,,1,3,"Jalan Raya Susukan Karanggede Gang Ki Lukis RT 01 RW 01 Desa Ssusukan, Kec. Susukan,Kab. Semarang",,,,,,,,,
70,PT. Dayamitra Telekomunikasi Tbk,"Gedung PT. Telekomunikasi Indonesia, Tbk. Jl. Pahlawan No. 10 Semarang Jawa Tengah",,,HARJOSARI,110.423091,-7.210781,72,,2,4,"Desa Harjosari RT.01/ RW.08, Kec Bawen Kab. Semarang",,,,,,,,,
71,PT. Dayamitra Telekomunikasi Tbk,"Gedung PT. Telekomunikasi Indonesia, Tbk. Jl. Pahlawan No. 10 Semarang Jawa Tengah",,,GALANGAN,110.6233056,-7.391972222,72,,1,3,Dusun Galangan RT 04 RW 05 Kel. Gentan Kec. Susukan Kab. Semarang,,,,,,,,,
72,PT. Dayamitra Telekomunikasi Tbk,"Gedung PT. Telekomunikasi Indonesia, Tbk. Jl. Pahlawan No. 10 Semarang Jawa Tengah",,,COFFEEEVA,110.3566111,-7.30503,72,,1,4,Wawar Lor Desa Bedono Kec. Jambu Kab. Semarang,,,,,,,,,
73,PT. Dayamitra Telekomunikasi Tbk,"Gedung PT. Telekomunikasi Indonesia, Tbk. Jl. Pahlawan No. 10 Semarang Jawa Tengah",,,TUNTANG,110.454671,-7.265466,72,,1,4,Dk. Petet Desa Tuntang Rt 03 Rw 01 Kec Tuntang Kab Semarang,,,,,,,,,
74,PT. Dayamitra Telekomunikasi Tbk,"Gedung PT. Telekomunikasi Indonesia, Tbk. Jl. Pahlawan No. 10 Semarang Jawa Tengah",,,SUMOWONO,110.331316,-7.224186,72,,1,4,DUSUN LOGUNG Kel. Jubelan Kec. Sumowono Kab. Semarang,,,,,,,,,
75,PT. Dayamitra Telekomunikasi Tbk,"Gedung PT. Telekomunikasi Indonesia, Tbk. Jl. Pahlawan No. 10 Semarang Jawa Tengah",,,GEDANGSONGO,110.3477,-7.22963,72,,1,4,Dusun Banaran Kel. Banyukuning Kec. Bandungan Kab. Semarang,,,,,,,,,
76,PT. Dayamitra Telekomunikasi Tbk,"Gedung PT. Telekomunikasi Indonesia, Tbk. Jl. Pahlawan No. 10 Semarang Jawa Tengah",,,BANDUNGAN,110.36825,-7.223777778,72,,1,4,Jl Tirtomoyo No 69 Rt 03 Rw 01 Ds Bandungan Kec Ambarawa Kab Semarang,,,,,,,,,
77,PT. Dayamitra Telekomunikasi Tbk,"Gedung PT. Telekomunikasi Indonesia, Tbk. Jl. Pahlawan No. 10 Semarang Jawa Tengah",,,BLOTONGAN,110.464351,-7.291119,62,,1,4,Dusun Sejambu Desa Kesongo Rt.01 Rw.05 Kel. Kesongo Kec. Tuntang Kab. Semarang,,,,,,,,,
78,PT. Dayamitra Telekomunikasi Tbk,"Gedung PT. Telekomunikasi Indonesia, Tbk. Jl. Pahlawan No. 10 Semarang Jawa Tengah",,,TENGARAN,110.514,-7.40111,72,,1,3,Dusun Gandu Desa Klero Kec. Tengaran Kab. Semarang,,,,,,,,,
79,PT. Dayamitra Telekomunikasi Tbk,"Gedung PT. Telekomunikasi Indonesia, Tbk. Jl. Pahlawan No. 10 Semarang Jawa Tengah",,,KALIWUNGUSLO,110.6249167,-7.463055556,72,,1,4,"Canggal, RT.03 RW.17, Kel Kaliwungu, Kec Susukan, Kab Semarang, Jateng",,,,,,,,,
80,PT. Dayamitra Telekomunikasi Tbk,"Gedung PT. Telekomunikasi Indonesia, Tbk. Jl. Pahlawan No. 10 Semarang Jawa Tengah",,,KEMITIR,110.273889,-7.228161,72,,1,4,"Kaleran - Sumowono Dusun Ngobo Kel. Kemitir Kec. Sumowono Kabupaten Semarang, Jawa Tengah 50662",,,,,,,,,
81,PT. Dayamitra Telekomunikasi Tbk,"Gedung PT. Telekomunikasi Indonesia, Tbk. Jl. Pahlawan No. 10 Semarang Jawa Tengah",,,UJUNGUJUNG,110.534309,-7.345901,72,,1,4,"Jalan desa Salatiga-Dadapayam Kec. Pabelan Kab. Semarang, Jawa Tengah 50775",,,,,,,,,
82,PT. Dayamitra Telekomunikasi Tbk,"Gedung PT. Telekomunikasi Indonesia, Tbk. Jl. Pahlawan No. 10 Semarang Jawa Tengah",,,Baran,110.385662,-7.235895,72,,1,4,"Dusun Jombor, Rt.2 Rw.7  Ds. Jetis Kec.Bandungan Semarang Semarang 50241",,,,,,,,,
83,PT. Dayamitra Telekomunikasi Tbk,"Gedung PT. Telekomunikasi Indonesia, Tbk. Jl. Pahlawan No. 10 Semarang Jawa Tengah",,,Gondang,110.30446,-7.19073,72,,1,4,"Dusun Kemawi, RT 02/ RW 01 Kec Sumowono",,,,,,,,,
84,PT. Dayamitra Telekomunikasi Tbk,"Gedung PT. Telekomunikasi Indonesia, Tbk. Jl. Pahlawan No. 10 Semarang Jawa Tengah",,,KALIBEJI,110.45097,-7.33164,70,,2,4,JL.RAYA SALATIGA. MUNCUL KALIBEJI RT.02/II TUNTANG KAB. SALATIGA 50773,,,,,,,,,
85,PT. Dayamitra Telekomunikasi Tbk,"Gedung PT. Telekomunikasi Indonesia, Tbk. Jl. Pahlawan No. 10 Semarang Jawa Tengah",,,Ambarawa,110.40297,-7.26596,27,,2,4,Jl. Pemuda No.77 Kel Panjang Kc Abr Semarang ,,,,,,,,,
86,PT. Dayamitra Telekomunikasi Tbk,"Gedung PT. Telekomunikasi Indonesia, Tbk. Jl. Pahlawan No. 10 Semarang Jawa Tengah",,,Pabrik Apac Inti Bawen B2S,110.43187,-7.22545,72,,2,4,"Harjosari Rt,07 Kel, 07 Kel, Harjosari Kec, Bawen, Semarang",,,,,,,,,
87,PT. Dayamitra Telekomunikasi Tbk,"Gedung PT. Telekomunikasi Indonesia, Tbk. Jl. Pahlawan No. 10 Semarang Jawa Tengah",,,PRINGAPUS2TSL,110.466958,-7.185329,72,,1,4,JL. RAYA PRINGAPUS CANDIREJO-PRINGAPUS-PRINGAPUS-50214-SEMARANG,,,,,,,,,
88,PT. Dayamitra Telekomunikasi Tbk,"Gedung PT. Telekomunikasi Indonesia, Tbk. Jl. Pahlawan No. 10 Semarang Jawa Tengah",,,SRATENTSL,110.46941,-7.32165,62,,1,4,JL. MUNCUL RT;2/2 DS SRATEN-GEDANGAN-TUNTANG-50773-SALATIGA,,,,,,,,,
89,PT. Dayamitra Telekomunikasi Tbk,"Gedung PT. Telekomunikasi Indonesia, Tbk. Jl. Pahlawan No. 10 Semarang Jawa Tengah",,,SURUHTSL,110.566321,-7.368774,92,,1,4,DSN KARANGASEM RT 03 RW 01-SURUH-SURUH-50776-SEMARANG,,,,,,,,,
90,PT. Dayamitra Telekomunikasi Tbk,"Gedung PT. Telekomunikasi Indonesia, Tbk. Jl. Pahlawan No. 10 Semarang Jawa Tengah",,,BANCAK,110.59265,-7.23651,72,,1,4,JL. RAYA SULTAN AGUNG KRASAK RT.02/RW.01 DS. BOTO-BOTO-BANCAK-50182-SEMARANG,,,,,,,,,
91,PT. Dayamitra Telekomunikasi Tbk,"Gedung PT. Telekomunikasi Indonesia, Tbk. Jl. Pahlawan No. 10 Semarang Jawa Tengah",,,MLUWEHUNGARAN,110.44925,-7.09516,72,,1,4,DUSUN KARANG GAWANG RT 006/04 DESA MLUWEH-MLUWEH-UNGARAN TIMUR-50519-SEMARANG,,,,,,,,,
92,PT. Dayamitra Telekomunikasi Tbk,"Gedung PT. Telekomunikasi Indonesia, Tbk. Jl. Pahlawan No. 10 Semarang Jawa Tengah",,,DADAPAYAM,110.5923,-7.28911,72,,1,4,DUSUN KRAJAN RT 002/01 DESA DADAP AYAM-DADAPAYAM-SURUH-50776-SEMARANG,,,,,,,,,
93,PT. Dayamitra Telekomunikasi Tbk,"Gedung PT. Telekomunikasi Indonesia, Tbk. Jl. Pahlawan No. 10 Semarang Jawa Tengah",,,KAWENGAN,110.47799,-7.10066,72,,1,4,Jl. Kecipir I Rt.01/03 Desa  Kawengan Ungaran Timur  Semarang 50511 ,,,,,,,,,
94,PT. Dayamitra Telekomunikasi Tbk,"Gedung PT. Telekomunikasi Indonesia, Tbk. Jl. Pahlawan No. 10 Semarang Jawa Tengah",,,MAYJENDSUTOYOUNGARANTSL,110.40378,-7.13403,3,,1,1,"MASJID ISTIQOMAH, JL. DIPONEGORO, UNGARAN, KAB. SEMARANG-UNGARAN-UNGARAN BARAT-50511-SEMARANG",,,,,,,,,
95,PT. Dayamitra Telekomunikasi Tbk,"Gedung PT. Telekomunikasi Indonesia, Tbk. Jl. Pahlawan No. 10 Semarang Jawa Tengah",,,KARTINIUNGARAN,110.40361,-7.12722,4,,1,1,JL. PEMUDA NO. 5 RT.002 RW.006-UNGARAN-UNGARAN BARAT-50511-SEMARANG,,,,,,,,,
96,PT. Dayamitra Telekomunikasi Tbk,"Gedung PT. Telekomunikasi Indonesia, Tbk. Jl. Pahlawan No. 10 Semarang Jawa Tengah",,,KAMPUSUNIKATSL,110.40312,-7.02393,6,,1,1,"KAMPUS UNIKA, GEDUNG HENDRICUS JL. PAWIYATAN LUHUR IV / I-BARAN-AMBARAWA-50614-SEMARANG",,,,,,,,,
97,PT. Dayamitra Telekomunikasi Tbk,"Gedung PT. Telekomunikasi Indonesia, Tbk. Jl. Pahlawan No. 10 Semarang Jawa Tengah",,,PTMASUNGARAN,110.41231,-7.1148,13,,1,1,JL. SINDORO III NO. 2 RT 3 RW 6-BANDARJO-UNGARAN BARAT-50517-SEMARANG,,,,,,,,,
98,PT. Dayamitra Telekomunikasi Tbk,"Gedung PT. Telekomunikasi Indonesia, Tbk. Jl. Pahlawan No. 10 Semarang Jawa Tengah",,,SEKARANGUNUNGPATI,110.39732,-7.0583,9,,1,1,SEKARAN RT 2/4-PATEMON-GUNUNG PATI-50228-SEMARANG,,,,,,,,,
99,PT. Dayamitra Telekomunikasi Tbk,"Gedung PT. Telekomunikasi Indonesia, Tbk. Jl. Pahlawan No. 10 Semarang Jawa Tengah",,,GENUK_UNGARAN,110.40907,-7.14149,30,,1,1,JL KENANGA BARU RT11 RW02 KEL GENUK KEC UNGARAN BARAT SEMARANG,,,,,,,,,
100,PROTELINDO,,JAW-CJV-0003-D-P,,Pringapus STO (semarang),,,52,0,,,"STO Pringapus Jl. Pringapus Wonorejo RT 07 RW III Pringapus Semarang,Pringapus ,Pringapus",SST,,648/146/2005,,,,,,
101,PROTELINDO,,JAW-CJV-0046-H-P,,Bandarjo IX,,,65,0,,,"Hasyim Ashari No. 52, RT/RW: 07/05,Bandarjo,Ungaran",SST,,648/51/2007,,,,,,
102,PROTELINDO,,JAW-CJV-0047-H-P,,Langensari,,,65,0,,,"Langensari Timur RT.3/RW.2,Langensari,Ungaran Barat",SST,,648/52/2007,,,,,,
103,PROTELINDO,,JAW-CJV-0049-H-P,,Bergas V,,,65,0,,,"Dusun Kebonan RT.04/RW.002, Ke. Randu Gunting, Kec. Klepu, Jawa Tengah,Randu Gunting,Klepu",SST,,648/56/2007,,,,,,
104,PROTELINDO,,JAW-CJV-0247-H-P,,Pringapus V,,,45,0,,,"Jl. Raya Karang Jati- Pringapus RT 07 RW 01,Klapu,Pringapus",SST,,648/06/2008,,,,,,
105,PROTELINDO,,JAW-CJV-0198-H-P,,Gedangan III,,,30,0,,,"Dukuh Gedangan RT.001/RW.006, Desa Gedangan, Kec. Tuntang, Kab. Semarang, Jawa Tengah,Desa Gadangan,Tuntang",SST,,648/186/2007,,,,,,
106,PROTELINDO,,JAW-CJV-0354-H-P,,Bringin-Tuntang II,,,64,0,,,"Tlogo RT 003 RW 001,Desa Tlogo,Tuntang",SST,,648/51/2008,,,,,,
107,PROTELINDO,,JAW-CJV-0048-H-P,,Bawen I,,,65,0,,,"Ngancar RT.02/RW.02,Bawen,Bawen",SST,,648/55/2007,,,,,,
108,PROTELINDO,,JAW-CJV-0050-H-P,,Tuntang I,,,65,0,,,"Jl. Ngreco RT 001/ RW 004, ,Desa Kesongo,Tuntang",SST,,648/010/2007,,,,,,
109,PROTELINDO,,JAW-CJV-0051-H-P,,Ngentak Klero II,,,65,0,,,"RT 20/05,KAB : SEMARANG, KEC: TENGARAN,Semarang,Jawa Tengah,NGENTAK KLERO ,Tengaran",SST,,648/009/2007,,,,,,
110,PROTELINDO,,JAW-CJV-0058-H-P,,Ambarawa I,,,65,0,,,"Jl. Brigjen Sudiarto, RT 02/ RW 05,,Lodoyong ,Ambarawa",SST,,648/66/2007,,,,,,
111,PROTELINDO,,JAW-CJV-0059-H-P,,Jambu I,,,65,0,,,"Ungaran, Semarang - Jawa Tengah,Ungaran,Jambu",SST,,648/008/2007,,,,,,
112,PROTELINDO,,JAW-CJV-0382-H-P,,RPT Kopeng I,,,46,0,,,"Jl. Batur Kampung Solo Ngisor RT 01/ RW 15, Kec. Getasan, Kab. Semarang- Jawa Tengah,Batur,Getasan",SST,,648/217/2006,,,,,,
113,PROTELINDO,,JAW-CJV-0313-H-P,,Beringin,,,54,0,,,"Jl. Diponegoro No.143 RT 09 RW 01 ,Kab. Semarang Kab. Semarang,Beringin,Beringin",SST,,648/50/2008,,,,,,
114,PROTELINDO,,JAW-CJV-0412-H-P,,Getasan,,,54,0,,,"Jl. Kenteng Sumogawe Rt 03 Rw 05 - Jawa Tengah,Sumogawe,Getasan",SST,,648/145/2008,,,,,,
115,PROTELINDO,,JAW-CJV-0424-H-P,,Sumowono VIII,,,53,0,,,"Dusun Sawahgondang RT 002 RW 006,Desa Sumowono,Sumowono",SST,,648/210/2008,,,,,,
116,PROTELINDO,,JAW-CJV-0355-H-P,,Pabelan II,,,64,0,,,"Jl. Patimura Pabelan (Salatiga Bringin) Salatiga,Pabelan ,Pabelan ",SST,,648/71/2008,,,,,,
117,PROTELINDO,,JAW-CJV-0393-H-P,,Susukan,,,64,0,,,"Grabagan RT.001/RW.002,Desa Sidoharjo,SUsukan",SST,,648/108/2008,,,,,,
118,PROTELINDO,,JAW-CJV-0403-H-P,,Ungaran Selatan V,,,33,0,,,"Jl. Slamet Riyadi No.29 Rt 04 Rw 01, Jawa Tengah,Genuk,Ungaran Barat",SST,,648/146/2008,,,,,,
119,PROTELINDO,,JAW-CJV-0390-H-P,,RPT Gedong Songo,,,30,0,,,"Dusun Darum Rt 02 Rw 09, Kab. Smg, Jawa Tengah,Candi,Ambarawa",SST,,648/70/2008,,,,,,
120,PROTELINDO,,JAW-CJV-0419-H-P,,Medayu,,,64,0,,,"Dusun Congol RT.03/RW.01,,Medayu,Suruh",SST,,648/161/2008,,,,,,
121,PROTELINDO,,JAW-CJV-0425-H-P,,Gedong Songo IV,,,54,0,,,"Dsn. Banaran Rt 02 RW 09,Desa Banyukuning,Bandungan",SST,,648/191/2008,,,,,,
122,PROTELINDO,,JAW-CJV-0314-H-P,,Jimbaran,,,54,0,,,"Jl. Raya Lemah Abang KM.5 RT.01/RW.01,Dusun Pakopean,Bandungan",SST,,648/49/2008,,,,,,
123,PROTELINDO,,JAW-CJV-0197-H-P,,Banyubiru III,,,30,0,,,"Jl.Wijaya Kusuma No.16 B Rt 001 Rw 10 Kab.Semarang,Banyubiru ,Banyubiru ",SST,,648.1/254,,,,,,
124,PROTELINDO,,JAW-CJV-0497-H-P,,Karangjati II,,,45,0,,,"Jl. Perkutut Rt.002 Rw.001 Kab.Semarang Jateng,Karang Jati ,Bergas ",SST,,648/48/2009,,,,,,
125,PROTELINDO,,JAW-CJV-0196-H-P,,Bandungan I,,,50,0,,,"Jl.Raya Ambarawa-Bandungan Km4.5 Rt.03 Rw.06 Kab.Semarang Ambarawa,Jetis ,Ambarawa ",SST,,648/187/2007,,,,,,
126,PROTELINDO,,JAW-CJV-0032-T-B,,Barukan,,,70,0,,,"Dusun Jengglong RT/RW. 01/01 desa Krandor(Krandon lor),Krandon lor,Suruh",SST,,648/124/2011,,,,,,
127,PROTELINDO,,JAW-CJV-0003-I-B,,Cukilan,,,70,0,,,"Dukuh Sawur Rt.03 / 5 ,terban,Pabelan",SST,,649/266/2011,,,,,,
128,PROTELINDO,,JAW-CJV-0052-H-B,,CJV Add135_CJ,,,40,0,,,"Dusun Tempel RT.25 RW.06 Desa Plumbon,plumbon,Sluruh",SST,,648/151/2012,,,,,,
129,PROTELINDO,,JAW-CJV-0070-H-B,,Site2586_CJ,,,36,0,,,"Kampung Ngajaran RT.04 RW.01 Kel.Ngajaran,ngajaran,tuntang",SST,,648/241/2012,,,,,,
130,PROTELINDO,,JAW-CJV-0056-H-B,,CJV Add145_CJ,,,50,0,,,"Dusun Muludan RT. 004 RW. 006 ,Tlompakan,Tuntang",SST,,648/162/2012,,,,,,
131,PROTELINDO,,JAW-CJV-0062-H-B,,Gondang Sari,,,50,0,,,"Gondangsari RT. 002 RW. 005,Rowoboni,Banyubiru",SST,,648/242/2012,,,,,,
132,PROTELINDO,,JAW-CJV-0055-H-B,,Tuntang,,,40,0,,,"Glendang RT. 001 RW. 003 ,Watuagung,Tuntang",SST,,648/21/2013,,,,,,
133,PROTELINDO,,JAW-CJV-0053-H-B,,Tengaran,,,43,0,,,"Dusun Krajan RT. 02 RW. 02,Bener,Tengaran",SST,,648/32/2013,,,,,,
134,PROTELINDO,,JAW-CJV-0054-H-B,,Watu Agung,,,50,0,,,"Desa Watuagung  RT. 3 RW. 2 ,Watuagung,Tuntang",SST,,648/011/2013,,,,,,
135,PROTELINDO,,JAW-CJV-0001-T-F,,Gondang Slamet PTI,,,70,0,,,"Jl. Desa Sugihan Dn. Kliwonan RT01/RW01, Kec. Tengaran, Kab. Semarang

,Kliwonan,Tengaran",SST,,648/209/2012,,,,,,
136,PROTELINDO,,JAW-CJV-0173-H-B,,Candirejo,,,40,0,,,"Dusun Karangpawon RT. 02 RW. 04 Desa Candirejo,Candirejo,Tuntang",SST,,648/104/2013,,,,,,
137,PROTELINDO,,JAW-CJV-0192-H-B,,Ungaran,,,27,0,,,"Jl. Brigjen Sudiarto No.43 Ungaran kab. Semarang,Ungaran,Ungaran Barat",Camouflage,,648/147/2014,,,,,,
138,PROTELINDO,,JAW-CJV-0064-X-B,,KRANDON KIDUL,,,50,0,,,"Dusun Krancah RT.06 RW.02 Desa Nyamat Kec.Tenggaran Kode Pos 50775,Nyamat,Tenggaran",SST,,648/193/2013,,,,,,
139,PROTELINDO,,JAW-CJV-0752-H-P,,Harjosari,,,32,0,,,Jl Link Gandekan RT 001 RW 006 Kel Harjosari Kec Bawen Kab Semarang Provinsi Jawa Tengah,SST,,648/97.7/2020,,,,,,
140,PROTELINDO,,JAW-CJV-0063-X-B,,KUTILANGSARI UNGARAN,,,50,0,,,"Kampus STT Simpson, Jl. Agung No 66, RT 003 RW 004, Kel. Susukan, Kec. Ungaran Timur,Susukan,Ungaran Timur",SST,,648/252/2016,,,,,,
141,PROTELINDO,,JAW-CJV-0126-T-B,,Lemah Ireng,,,60,0,,,"Dusun Kenongo RT 03 RW 05 Desa Lemah Ireng Kecamatan Bawen Kab. Semarang

,Lemah Ireng,Bawen",SST,,648/103.3/2020,,,,,,
142,PROTELINDO,,JAW-CJV-0132-T-B,,Pintu Ring Road Ambarawa,,,40,0,,,"Dusun Ngampin kelurahan Ngampin Kec. Ambarawa Kab. Semarang, Jawa Tengah

,Ngampin,Ambarawa",SST,,648/103.6/2020,,,,,,
143,PROTELINDO,,JAW-CJV-0124-T-B,,Balekambang,,,60,0,,,"Rt.02 Rw.03 Kel. Kandangan. Kec. Bawen Kab. Semarang,Kandangan,Bawen",SST,,648/97.4/2020,,,,,,
144,PROTELINDO,,JAW-CJV-0141-T-B,,Leyangsari,,,40,0,,,"Rt.01/06 Kel. Beji Kec.Ungaran Timur Kab.Semarang,Beji,Ungaran Timur ",SST,,648/97.6/2020,,,,,,
145,PROTELINDO,,JAW-CJV-0127-T-B,,Baan,,,40,0,,,"Dusun Baan Desa Asinan RT 01/03 Kec. Bawen Kab. Semarang

,Asinan,Bawen",SST,,648/103.4/2020,,,,,,
146,PROTELINDO,,JAW-CJV-0125-T-B,,Kandangan,,,60,0,,,"Dusun Deres RT.02/05 Desa Kandangan Kec. Bawen Kab. Semarang,Kandangan,Bawen",SST,,648/103.7/2020,,,,,,
147,PROTELINDO,,JAW-CJV-0122-T-B,,TambakBoyo,,,50,0,,,"Jl. Kartini Desa Kupang RT.02/09 Kec.Ambarawa Kab. Semarang Jateng,Kupang,Ambarawa",SST,,648/103.2/2020,,,,,,
148,PROTELINDO,,JAW-CJV-0128-T-B,,Rowoasri,,,60,0,,,"Desa Karang Jati RT.02/06 kec. Gregas Kab. Semarang,Karang Jati,Gregas",SST,,648/97.3/2020,,,,,,
149,PROTELINDO,,JAW-CJV-0140-T-B,,Undaris,,,40,0,,,"Jl. Halmahera 11-A RT.01/03 Kel. Gedanganak Kec. Ungaran Timur Kab. Semarang,Gedanganak,Ungaran Timur",SST,,648/97.5/2020,,,,,,
150,PROTELINDO,,JAW-CJV-0245-H-B,,Bandarjo,,,25,8,,,"Jl.Gatot Subroto No:50 .RT02/RW06.Kel.Bandarjo.Kecamatan Ungaran Barat.Kabupaten Semarang.Jawa Tengah.

,Bandarjo,Ungaran",Rooftop MT,,648/103.1/2020,,,,,,
151,PROTELINDO,,JAW-CJV-0123-T-B,,Pojoksari,,,40,0,,,"RT.04 RW.01 Kelurahan Pojoksari Kecamatan Ambarawa Kabupaten Semarang, Jawa Tengah

,Pojoksari,Ambarawa",SST,,648/21/2015,,,,,,
152,PROTELINDO,,JAW-CJV-0157-T-B,,Pintu Tol Bawen,,,60,0,,,"Lingkungan Tegalrejo RT.RW 08/03 Desa Bawen Kec. Bawen Kab. Semarang

, Bawen , Bawen ",SST,,648/103.7/2020,,,,,,
153,PROTELINDO,,JAW-CJV-0178-T-B,,Krakatau Ungaran,,,50,0,,,Dkh Gembongan RT 08 RW 04 Kel. Karangjati Kec Bergas,SST,,648/339/2016,,,,,,
154,PROTELINDO,,JAW-CJV-0009-X-P,,KALONGAN UNGARAN,,,51,0,,,Jl.Banowati Rt.04/03 Dsn.Bandungan Ds.Kalongan Kec.Ungaran Timur Kb.Semarang,SST,,648/191/2007,,,,,,
155,PROTELINDO,,JAW-CJV-0025-X-P,,SUSUKAN,,,51,0,,,Jl.Desa Susukan Rt02/06 Kec.Susukan Kab.Susukan,SST,,648/60/2007,,,,,,
156,PROTELINDO,,JAW-CJV-0033-X-P,,MLUWEH UNGARAN,,,51,0,,,Dsn Karang Gawang RT.05 RW. I Ds.Mluweh Kec.Ungaran Timur Kab.Semarang Jateng,SST,,648/275/2007,,,,,,
157,PROTELINDO,,JAW-CJV-0062-X-P,,Sumowono 2,,,52,0,,,"Dusun Ngoho RT.01/RW.03, Kel Kemitir, Kec.Sumowono, Kab.Semarang",SST,,648/116/2009,,,,,,
158,PROTELINDO,,JAW-CJV-0068-X-P,,Getasan,,,52,0,,,"Ds. Pendingan Rt. 03 Rw. 05 Kel. Sumogawe, Kec. Getasan, Jateng",SST,,648/03/2009,,,,,,
159,PROTELINDO,,JAW-CJV-0103-X-P,,BANYU BIRU,,,51,0,,,"Kp Krajan Rt 01, Rw 02, Desa Banyubiru, Kecamatan Banyubiru, Kabupaten Semarang, Jawa Tengah",SST,,648/87/2006,,,,,,
160,PROTELINDO,,JAW-CJV-0155-X-P,,BANDUNGAN,,,50,0,,,"Jl. Tirtomoyo Rt.002/Rw.1A,Kel.Bandungan,Kec.Ambarawa",SST,,648.1/191,,,,,,
161,PROTELINDO,,JAW-CJV-0138-X-B,,Duren Bandungan,,,50,0,,,Ds Gelaran RT 004  RW 004 Kel Kenteng Kec Bandungan Kab Semarang,SST,,648/102-1/2018,,,,,,
162,PROTELINDO,,JAW-CJV-0139-X-B,,Barukan Tengaran,,,43,0,,,DK. Krajan Rt. 03 Rw. 01 Desa Barukan Kec. Tengaran Kab. Semarang,SST,,648/102-2/2018,,,,,,
163,PROTELINDO,,JAW-CJV-0147-X-B,,KENDALISODO BANDUNGAN,,,40,0,,,Desa Duren RT 01 RW 04 Kec Bandungan Kab Semarang Propinsi Jawa Tengah,SST,,648/16-1/2019,,,,,,
164,PROTELINDO,,JAW-CJV-0267-X-B,,WATUAGUNG,,,30,0,,,Dusun Rembes Rt. 01 Rw. 04 Desa Watuagung Kecamatan Tuntang Kab. Semarang - Jateng,SST,,648/80.2/2020,,,,,,
165,PROTELINDO,,JAW-CJV-0281-X-B,,Huda Gandul,,,50,0,,,Dusun Gandul RT 04 RW 03 Kelurahan Kalijambe Kecamatan Bringin Kabupaten Semarang,SST,,648/80.3/2020,,,,,,
166,PROTELINDO,,JAW-CJV-0102-I-P,,Dadapayam,,,72,0,,,Rt 01 Rw 01 Krajan Dadapayam,SST,,648/177/2007,,,,,,
167,PROTELINDO,,JAW-CJV-0098-I-P,,Susukansmg,,,72,0,,,"Dusun Susukan Rt 1 Rw 3, Ds. Susukan Kab Ssemarang",SST,,648/59/2008,,,,,,
168,PROTELINDO,,JAW-CJV-0099-I-P,,Getasan,,,72,0,,,"Jampelan Rt.01/Rw.01, Ds. Getasan.",SST,,648/188/2007,,,,,,
169,PROTELINDO,,JAW-CJV-0100-I-P,,Suruh,,,70,0,,,"Ds. Suruh, Kec. Suruh , Salatiga",SST,,648/62/2004,,,,,,
170,PROTELINDO,,JAW-CJV-0101-I-P,,Semowopbl,,,72,0,,,"Mendoh Kidul Rt.006/Rw.006, Ds. Semowo Kec.Pabelan Kab.Semarang",SST,,648/238/2007,,,,,,
171,PROTELINDO,,JAW-CJV-0296-X-P,,Tuntang,,,70,0,,,"JL Merak RT04/01 Dsn Petet Tuntang , Kab Semarang, Jawa Tengah",SST,,648/203/2004,,,,,,
172,PROTELINDO,,JAW-CJV-0295-X-P,,Site Karangjati,,,62,0,,,"JL Kartini RT06/07 Kel Bargas Lor , Kab Semarang, Jawa Tengah",SST,,648/154/2005,,,,,,
173,PROTELINDO,,JAW-CJV-0297-X-P,,Suruh,,,70,0,,,"Dsn Karang Asem RT05/01 Kel Suruh , Kab Semarang, Jawa Tengah",SST,,648/189/2005,,,,,,
174,PROTELINDO,,JAW-CJV-0305-X-B,,Jatirejo Suruh Kauman Smg,,,41,0,,,"DK Klewonan RT/ RW 004/ 003, Desa Jatirejo, Kec. Suruh, Kab. Semarang Prop. Jawa Tengah",SST,,648/146.I/2020,,,,,,
175,PROTELINDO,,JAW-CJV-0064-I-B,,Mandiri_Sejahtera_Unr,,,51,0,,,"Dusun Gayam RT 001 RW 003, Desa Bantal, Kec. Bancak, Kab Semarang, Prop. Jawa Tengah",SST,,,,,,dalam proses,,
176,PROTELINDO,,JAW-CJV-0098-I-B,,SETIGGEN_UNR,,,41,0,,,"Lingkungan Krajan Lor, RT 03 RW 04, Kelurahan Wujil, Kecamatan Bergas Kabupaten Semarang, Jawa Tengah",SST,,,,,,dalam proses,,
177,PT STP Kab. Semarang ( Group Protelindo ),,JAW-CJV-0137-U-P,43220001,MARTINUS SUHADI,,,70,,,,"Jalan tentara pelajar nomor 15 Rt 06/02 kelurahan panjang, kecamatan ambarawa, kabupaten ambarawa",SST,GF,648/257/2007,,,,,,
178,PT STP Kab. Semarang ( Group Protelindo ),,JAW-CJV-0149-U-P,43220003,LAHAN RUSMANTO,,,70,,,,Blondo Rt.2 Rw.7 Kelurahan Harjosaro Kecamatan Bawen Kabupaten Ungaran - Semarang,SST,GF,648/256/2007,,,,,,
179,PT STP Kab. Semarang ( Group Protelindo ),,JAW-CJV-0024-U-P,43220004,SUSUKAN,,,62,,,,"Jl.Suwen Karang Gede RT.02 RW.02, Desa Sidoharjo Kec Susukan, Kab.Semarang",SST,GF,648/33/2008,,,,,,
180,PT STP Kab. Semarang ( Group Protelindo ),,JAW-CJV-0016-U-P,43220005,BERGAS SEMARANG,,,52,,,,"Jalan Raya Soekarno-Hatta Km 29.6 Randu Gunting, Kec. Bergas, Kab. Semarang",SST,GF,648/138/2010,,,,,,
181,PT STP Kab. Semarang ( Group Protelindo ),,JAW-CJV-0401-U-P,43220006,KALISIDI,,,52,,,,Desa Kalisidi Rt 004/06 Kec Ungaran Barat Kab Semarang,SST,GF,608/16/2008,,,,,,
182,PT STP Kab. Semarang ( Group Protelindo ),,JAW-CJV-0096-U-P,43220007,LEYANGAN,,,62,,,,Desa Leyangan Rt 001/001 Kec Ungaran Timur  Kab Semarang,SST,GF,648/15/2008,,,,,,
183,PT STP Kab. Semarang ( Group Protelindo ),,JAW-CJV-0229-U-P,43220008,TIRTOMOYO AMBARAWA,,,52,,,,Dusun Kauman RT 003 RW 003 Ds Milir  Kec Bendungan Kab . Semarang Jawa Tengah,SST,GF,,,,, dalam proses ,,
184,PT STP Kab. Semarang ( Group Protelindo ),,JAW-CJV-0268-U-P,43220009,SALATIGA,,,74,,,,"Dukuh  Butuh  Krajan  Rt 10/Rw. 05,Kel. Butuh, Kec. Tengaran,Solo,jateng",SST,GF,503/0192/IG-B/2007,,,,,,
185,PT STP Kab. Semarang ( Group Protelindo ),,JAW-CJV-0032-U-P,43220010,KOPENG,,,51,,,,"Jl Umbul Songo Rt11, Rw 02,Desa Kopeng, Kecamatan Getasan, Kabupaten Semarang, Jawa Tengah ",SST,GF,648/076/05,,,,,,
186,PT STP Kab. Semarang ( Group Protelindo ),,JAW-CJV-0310-U-P,43220011,BOTO SALATIGA,,,51,,,,"Dsn Krasak RT.02 RW.01 Desa Boto Kec. Bancak, Kab. Semarang - Jawa Tengah",SST,GF,648/72/2007,,,,,,
187,PT STP Kab. Semarang ( Group Protelindo ),,JAW-CJV-0203-U-P,43220012,SUMOWONO SEMARANG,,,71,,,,"Jl Raya Jubelen Sumowono Rt  02, Rw06, Desa Jubelen,Kecamatan Sumowono, Kabupaten Semarang, Jawa Tengah ",SST,GF,648/79/2006,,,,,,
188,PT STP Kab. Semarang ( Group Protelindo ),,JAW-CJV-0257-U-P,43220013,PRINGAPUS SEMARANG,,,51,,,,"Jl Karangjati Wonorejo, Kampung Tegalsari Rt 07, Rw 03, Kelurahan Pringapus, Kecamatan Pringapus, Kabupaten Semarang",SST,GF,648/84/2006,,,,,,
189,PT STP Kab. Semarang ( Group Protelindo ),,JAW-CJV-0292-U-P,43220014,SAMIRONO GETASAN,,,51,,,,Dsn. Pongangan Ds.Samirono Kec.Getasan Kab.Semarang Jateng,SST,GF,648/46/2008,,,,,,
190,PT STP Kab. Semarang ( Group Protelindo ),,JAW-CJV-0302-U-P,43220015,KEBOWAN SURUH,,,51,,,,Dsn.Gajian Rt.02/01 Ds.Beji Lor Kc.Suruh Kb.Semarang Prop.Jawa Tengah,SST,GF,648/276/2007,,,,,,
191,PT STP Kab. Semarang ( Group Protelindo ),,JAW-CJV-0176-U-P,43220019,KETAPANG_2_UNR,,,42,,,,DUSUN KETAPANG  RT.001 RW 006 DESA. KETAPANG KEC. SUSUKAN Kab. SEMARANG ,SST,GF, 648/1027/2020 ,,,,,,
192,PT STP Kab. Semarang ( Group Protelindo ),,JAW-CJV-0169-U-P,43220020,BONOMERTO_UNR,,,42,,,,DUSUN KERAJAN  RT.002 RW 001 DESA. BONOMETRO KEC. SURUH Kab. SEMARANG ,SST,GF,648/102.6/2020,,,,,,
193,PT STP Kab. Semarang ( Group Protelindo ),,JAW-CJV-0181-U-P,43220017,PRINGAPUS_2_UNR,,,42,,,,"Ubinan Pringapus, Kec.Pringapus Semarang Jawa Tengah",MBTS Permanent,GF,648/146.2/2020,,,,,,
194,PT KOMET & KIN ( Protelindo Group),,JAW-CJV-0103-O-P,KIN-SMG-133-03,Ambarawa Selatan,,,42,,,,"Jl. Raya lingkar ambarawa, desa bijelen Rt.01/01 Kec Ambarawa Kab Semarang, Jawa Tengah",SST,GF,,,,,,Komet,No. 648/239/2014
195,PT KOMET & KIN ( Protelindo Group),,JAW-CJV-0010-O-P,KIN-SMGR-134-00,Purworejo Medayu,,,42,,,,"Dsn. Ngemplak, RT 013 RW 004, Ds. Ketanggi, Kec. Suruh, Kab. Semarang, Prop. Jawa Tengah",SST,GF,,,,,,Komet,648/90.1/2019
196,PT KOMET & KIN ( Protelindo Group),,JAW-CJV-0027-E-P,SM-SMG-0085,Beji Ungaran,,,32,,,,"Lingk.Sekebrok Rt. 001/Rw. 007 Desa Beji, Kecamatan Ungaran Timur, Kabupaten Semarang",Monopole,GF,,,,,,Iforte,No. 648/78-1/2018
197,PT TOWER BERSAMA,,,,Gedanganak,,,36,,,,Jl. Dewi Sartika Ling Mijen RT003 RW004 Kel Gedanganak Kec Ungaran Timur kab,,,,,,,,,
198,PT TOWER BERSAMA,,,,Beji,,,42,,,,Ling Lewono RT01 RW04 Kel Beji Kec Ungaran Timur Kab Semarang provinsi,,,,,,,,,
199,PT TOWER BERSAMA,,,,Genuk Ungaran,,,42,,,,Jalan Slamet Riyadi No. 5 RT. 004 RW. 001 Kel. Genuk Kec. Ungaran Barat Kab.,,,,,,,,,
200,PT TOWER BERSAMA,,,,candirejo,,,52,,,,Lingkungan Candirejo Rt 04 Rw 05 Kel. Candirejo Kec. Ungaran Barat,,,,,,,,,
201,PT TOWER BERSAMA,,,,Pringapus,,,36,,,,Lingkungan Wahyu Harjo Rt 02 Rw 07 Kel. Pringapus Kec. Pringapus,,,,,,,,,
202,PT TOWER BERSAMA,,,,Klepu,,,36,,,,Dusun Bodean Rt 04 Rw 03 Desa Klepu,,,,,,,,,
203,PT TOWER BERSAMA,,,,Klepu Krajan,,,42,,,,Jl. Raya KLepu Pringapus Desa Klepu Rt 04 Rw 01 Kel. Klepu Kec. Pringapus,,,,,,,,,
204,PT TOWER BERSAMA,,,,Bawen,,,62,,,,Jl. Menteri Supeno Rt 01 Rw 04 Dusun Geneng Desa Kandangan Kec. Bawen,,,,,,,,,
205,PT TOWER BERSAMA,,,,Harjosari,,,36,,,,Lingkungan Glodogan Rt 07 Rw 03 Kel.,,,,,,,,,
206,PT TOWER BERSAMA,,,,BEROKAN,,,42,,,,Lingkungan ngrawan Lor R3 RW 5 Desa Bawen kec. Bawen Kabupaten Semarang,,,,,,,,,
207,PT TOWER BERSAMA,,,,Baran Ambarawa,,,36,,,,Lingkar Baran Gembyang Rt 02 Rw 01 Kel. Baran Ambarawa,,,,,,,,,
208,PT TOWER BERSAMA,,,,Pringsurat,,,52,,,,Krajan Rt 01 Rw 01 Kel. Gemawang Kec.,,,,,,,,,
209,PT TOWER BERSAMA,,,,Lendoh,,,36,,,,Lingk. Lendoh Rt 05 Rt 02 Desa Bedono,,,,,,,,,
210,PT TOWER BERSAMA,,,,Bandungan Puncak,,,36,,,,Lingkungan Junggul Rt 01 / 04 Kel. Bandungan Kec. Bandungan,,,,,,,,,
211,PT TOWER BERSAMA,,,,Tuntang,,,52,,,,Dusun Petet Rt 08 Rw 01 Kel Tuntang Kec.,,,,,,,,,
212,PT TOWER BERSAMA,,,,Ngreco / Kesongo Tuntang,,,42,,,,"Dk Ngreco RT 01/RW 04, Desa Kesongo, Kec. Tuntang, Kab Semarang",,,,,,,,,
213,PT TOWER BERSAMA,,,,Karangtengah,,,36,,,,Karang Tengah RT01 RW01 Desa Karang Tengah Kec Tuntang Kab Semarang,,,,,,,,,
214,PT TOWER BERSAMA,,,,Butuh,,,72,,,,Jl. Tirta Putih Dusun Karang Duren Rt 02 Rw 02 Kel Karang Duren Kec. Tengaran,,,,,,,,,
215,PT TOWER BERSAMA,,,,Tugu Bener,,,36,,,,Dusun Tugu Rt 01 Rw 04 Desa Bener Kec.,,,,,,,,,
216,PT TOWER BERSAMA,,,,Rep. Getasan,,,62,,,,Dusun Selongisor Rt 01 Rw 15 Kel. Batur,,,,,,,,,
217,PT TOWER BERSAMA,,,,Getasan / Sumogawe,,,52,,,,Dk. Kenteng Rt 5 Rw 5 Kec. Getasan,,,,,,,,,
218,PT TOWER BERSAMA,,,,Banyubiru,,,42,,,,Jl. Banyubiru raya Kel Banyubiru Kec.,,,,,,,,,
219,PT TOWER BERSAMA,,,,Kebumen Banyubiru,,,42,,,,Dusun Kepil Rt 2 Rw 4 Desa Kebumen Kec.,,,,,,,,,
220,PT TOWER BERSAMA,,,,Suruh,,,52,,,,"Pateran RT 32 RW 7 Plambon, Suruh, Kab.",,,,,,,,,
221,PT TOWER BERSAMA,,,,BULUSARI_LEBAK,,,42,,,,Dusun Bulusari Rt 01 / 01 Desa Lebak,,,,,,,,,
222,PT TOWER BERSAMA,,,,Muncar,,,36,,,,Dusun Ledok Rt 01 Rt 06 Desa Muncar,,,,,,,,,
223,PT TOWER BERSAMA,,,,Jetak,,,42,,,,Dusun Tosoro A Desa Jetak Kec. Getasan,,,,,,,,,
224,PT TOWER BERSAMA,,,,Wonokasihan,,,36,,,,Dusun Wonokasihan RT05 RW06 Desa Bedono Kec Jambu Kab Semarang provinsi,,,,,,,,,
225,PT TOWER BERSAMA,,,,Patemon,,,42,,,,Patemon RT02 RW01 Desa Patemon Kec Tengaran Kab Semarang Provinsi Jawa,,,,,,,,,
226,PT. CENTRATAMA MENARA INDONESIA,,,,,,,42,,,,Dsn. Sidomukti RT 02/ 01 Kel. Sidomukti Kec. Bandungan,,,,,,,,,
227,PT. CENTRATAMA MENARA INDONESIA,,,,,,,42,,,,"RT001 rw 001 Ds Derekan Kec. Pringapus, Kab. Semarang Prop Jawa Tengah",,,,,,,,,
228,PT. CENTRATAMA MENARA INDONESIA,,,,,,,52,,,,Dukuh Dersanwetan RT15/RW04 Kel. Dersansari Kec. Suruh Kab. Semarang,,,,,,,,,
229,PT. CENTRATAMA MENARA INDONESIA,,,,,,,52,,,,Ds Dersan wetan RT 015 RW 004 kel Dersan wetan Kec Suruh Kab Semarang,,,,,,,,,
230,PT. CENTRATAMA MENARA INDONESIA,,,,,,,42,,,,"SD/SMP Barunawati, Jl. Ambarawa 2, Kel Tanjung Mas, Kec Semarang Utara, Semarang",,,,,,,,,
231,PT. CENTRATAMA MENARA INDONESIA,,,,,,,25,,,,Jl. Karangingas malangsari RT 03/07 Kel. Tlogosari kulon kec. Pedurenan Semarang,,,,,,,,,
232,PT. CENTRATAMA MENARA INDONESIA,,,,,,,42,,,,"Dsn Tempel RT 25 RW 06, Ds Plumbon, Kec. Suruh, Kab. Semarang",,,,,,,,,
233,PT. CENTRATAMA MENARA INDONESIA,,,,,,,42,,,,"Dsn. Balekambang RT 02 RW 03, Ds. Kandangan Kec. Bawen, Kab. Semarang",,,,,,,,,
234,PT. CENTRATAMA MENARA INDONESIA,,,,,,,42,,,,"Krajan II RT 02 RW 02, Desa Bener Kec. Tengaran, Kab. Semarang",,,,,,,,,
235,PT. CENTRATAMA MENARA INDONESIA,,,,,,,42,,,,"Dusun Semen RT 1 RW 5, Desa Tlompakan Kec. Tuntang, Kab. Semarang",,,,,,,,,
236,PT. CENTRATAMA MENARA INDONESIA,,,,,,,42,,,,"Dusun Gedangan, Desa Timpik, Kec. Susukan, Kab. Semarang, Jateng",,,,,,,,,
237,PT. CENTRATAMA MENARA INDONESIA,,,,,,,42,,,,"Ds. Samban, RT 06/RW 02, Desa Samban, Kec. Bawen, Kab. Semarang, Prop. Jawa Tengah",,,,,,,,,
238,PT. CENTRATAMA MENARA INDONESIA,,,,,,,42,,,,"Lingkungan Merak Rejo, RT 02/RW 08, Kel. Harjosari, Kec. Bawen, Kab. Semarang",,,,,,,,,
239,PT. CENTRATAMA MENARA INDONESIA,,,,,,,42,,,,Dusun Krandon RT04/RW01 Desa Koripan Kec. Susukan Kab. Semarang Prop. Jawa Tengah,,,,,,,,,
240,PT. CENTRATAMA MENARA INDONESIA,,,,,,,42,,,,Dusun Jambu Lor RT01/RW01 Desa Jambu Kec. Jambu Kab. Semarang Prop. Jawa Tengah,,,,,,,,,
241,PT. CENTRATAMA MENARA INDONESIA,,,,,,,42,,,,Dusun Lendoh RT03/RW02 Desa Bedono Kec. Jambu Kabupaten Semarang,,,,,,,,,
242,PT. CENTRATAMA MENARA INDONESIA,,,,,,,42,,,,Dusun Demakan RT12/RW12 Desa Banyubiru Kec. Banyubiru Kab. Semarang,,,,,,,,,
243,PT. CENTRATAMA MENARA INDONESIA,,,,,,,42,,,,Lingkungan Berokan RT02/RW06 Desa Bawen Kec. Bawen Kab. Semarang Prop. Jawa Tengah,,,,,,,,,
244,PT. CENTRATAMA MENARA INDONESIA,,,,,,,42,,,,"Dusun Bandungan RT01/RW01 Desa Gedangan Kec. Tuntang, Kab. Semarang",,,,,,,,,
245,PT. CENTRATAMA MENARA INDONESIA,,,,,,,42,,,,Dusun Praguman RT02/RW05 Desa Tuntang Kec. Tuntang Kab. Semarang Prop. Jawa Tengah,,,,,,,,,
246,PT. CENTRATAMA MENARA INDONESIA,,,,,,,51,,,,"Jl Ry Salatiga Rt01/0-Kopeng KM9 , Kp Jambelan Ds Getasan Semarang",,,,,,,,,
247,PT. CENTRATAMA MENARA INDONESIA,,,,,,,62,,,,"Desa Kelurahan Rt.06/Rw.01, Kel.Kelurahan, Kec.Jambu, Kab.Semarang, Postal Code (50663)",,,,,,,,,
248,PT. CENTRATAMA MENARA INDONESIA,,,,,,,42,,,,Desa Gogik RT 09 RW 01 Kec. Unggaran Barat Kab. Semarang Propinsi Jawa Tengah,,,,,,,,,
249,PT. CENTRATAMA MENARA INDONESIA,,,,,,,42,,,,Dusun Sigude RT 02 RW 05 Desa Kalongan Kec. Unggaran Timur Kab. Semarang,,,,,,,,,
250,PT. CENTRATAMA MENARA INDONESIA,,,,,,,42,,,,Dusun Deles RT 02 RW 08 Desa Ngrapah Kec. Banyu Biru Kab. Semarang,,,,,,,,,
251,PT. CENTRATAMA MENARA INDONESIA,,,,,,,42,,,,Jl. Raya Semarang Magelang Km. 50 RT 01 RW 03 Desa Gemawang Kec. Jambu Kab. Smg,,,,,,,,,
252,PT. CENTRATAMA MENARA INDONESIA,,,,,,,36,,,,Lingkungan Piyoto RT 01 RW 06 Kelurahan Bandungan Kecamatan Bandungan Kab. Smg,,,,,,,,,
253,PT. CENTRATAMA MENARA INDONESIA,,,,,,,52,,,,Jl. Rejosari Gang II RT 25 RW 09 Desa Cukil Kec. Tengaran Kab. Semarang,,,,,,,,,
254,PT. EPID MENARA ,,E3300156,,JIMBARAN,110.387742,-7.208442,55,,,,Desa Jimbaran RT.002 RW.001 Kecamatan Bawen,,,,,,,,,
255,PT. EPID MENARA ,,E3300175,,BABADAN,110.415015,-7.164682,70,,,,Desa Langensari RT.01/03 Kelurahan Langensari Kecamatan Ungaran,,,,,,,,,
256,PT. EPID MENARA ,,E3300226,,TEMPURANSMG,110.592137,-7.206875,72,,,,Desa Tempuran RT.05/RW.02 Kecamatan Bringin,,,,,,,,,
257,PT. EPID MENARA ,,E3300194,,GHANESA,110.440348,-7.173626,52,,,,Desa Wringin putih RT.02 RW.01 Kecamatan Bergas,,,,,,,,,
258,PT. EPID MENARA ,,E3300216,,BRINGIN,110.512279,-7.25687,70,,,,Desa Karanglo RT.01 Kelurahan Bringin Kecamatan Bringin,,,,,,,,,
259,PT. EPID MENARA ,,E3300005,,NODAL_SELONGISOR,110.434077,-7.395453,40,,,,Dusun Selongisor Desa Batur Kecamatan Getasan,,,,,,,,,
260,PT. EPID MENARA ,,E3300140,,NGADIREKSO,110.32627,-7.260178,72,,,,Dusun Sodong RT.04 RW.06 Kelurahan Genting Kecamatan Jambu,,,,,,,,,
261,PT. EPID MENARA ,,E3300147,,BEDONO,110.352053,-7.301834,72,,,,Dusun Mawar Kidul RT.05/03 Desa Bedono Kecamatan Jambu,,,,,,,,,
262,PT. EPID MENARA ,,E3300198,,TUNTANG,110.454534,-7.26912,70,,,,"JL. Raya Semarang - Solo, Dusun Lopait RT.11/01 Lopait Kecamatan Tuntang",,,,,,,,,
263,PT. EPID MENARA ,,E3300167,,UNGARAN_CITY,110.407543,-7.150643,55,,,,Jl. Diponegoro no.297 Ungaran,,,,,,,,,
264,PT. EPID MENARA ,,E3300173,,BANDARJO,110.1296,-7.11545,15,,,,Jl. Gatot Subroto no.36 RT.002/06 Kelurahan Bandarjo Kecamatan Ungaran,,,,,,,,,
265,PT. EPID MENARA ,,E3300141,,SUMOWONO,110.331331,-7.224201,70,,,,JL. Kalibendo Desa Candi kecamatan Ambarawa,,,,,,,,,
266,PT. EPID MENARA ,,E3300222,,SRUWEN,110.529945,-7.428234,55,,,,JL. Kemitiren RT.28/10 KelurahanSruwen Kecamatan Tengaran,,,,,,,,,
267,PT. EPID MENARA ,,E3300166,,PUDAKPYNGSLTN,110.40732,-7.1206,42,,,,JL. Muria Tengah III/22 Kelurahan Bandaran Kecamatan Ungaran,,,,,,,,,
268,PT. EPID MENARA ,,E3300189,,KLEPU,110.424992,-7.180802,70,,,,JL.PTPN XVIII Karangjati,,,,,,,,,
269,PT. EPID MENARA ,,E3300370,,BANDUNGAN,110.365998,-7.221159,55,,,,JL. Raya Gintungan No.16 RT.1 RW.4 Bandungan,,,,,,,,,
270,PT. EPID MENARA ,,E3300365,,BANYUBIRU,110.402271,-7.293373,70,,,,Jl. Melati RT.04/03 no.6 Kelurahan Banyubiru Kecamatan Banyubiru,,,,,,,,,
271,PT. EPID MENARA ,,E3300217,,PABELAN,110.514066,-7.294257,52,,,,Pabelan RT.1 RW.2 Desa Jambu Kecamatan Jambu,,,,,,,,,
272,PT IBS ( INTI BANGUN SEJAHTERA ),,,,Babadan,,,52,,,,Jl. Anusapati Rt 03 Rw 05 Kel. Gedanganak Kec. Ungaran Timur,,,,,,,,,
273,PT IBS ( INTI BANGUN SEJAHTERA ),,,,Puri Nusa Persada,,,52,,,,Jl. Raya Bawen Km 31 Kel. Harjosari Bawen,,,,,,,,,
274,PT IBS ( INTI BANGUN SEJAHTERA ),,,,Pojoksari,,,62,,,,Jl. Lingkar Sanggar Rt 02 Rw 02 Pojoksari Ambarawa,,,,,,,,,
275,PT IBS ( INTI BANGUN SEJAHTERA ),,,,Ambarawa,,,52,,,,Kupang Pete Rt 06 / 02 Desa Kupang Kec. ambarawa,,,,,,,,,
276,PT IBS ( INTI BANGUN SEJAHTERA ),,,,Jambu,,,72,,,,Dusun Karanganyar Rt 01 Rw 05 Desa Bedono Kec. Jambu,,,,,,,,,
277,PT IBS ( INTI BANGUN SEJAHTERA ),,,,Bandungan,,,72,,,,Dusun Ngaglik Sukorejo Rt 05 Rw 03 Kel. Pakopen Kec. Bandungan,,,,,,,,,
278,PT IBS ( INTI BANGUN SEJAHTERA ),,,,Jatijajar,,,45,,,,Dusun saren 03/02 Bergas,,,,,,,,,
279,PT IBS ( INTI BANGUN SEJAHTERA ),,,,Doplang,,,45,,,,"Dusun Krajan,RT. 01/RW. 03 , Desa Doplang Kecamatan Bawen Kabupaten Semarang Propinsi Jawa Tengah",,,,,,,,,
280,PT IBS ( INTI BANGUN SEJAHTERA ),,,,Macan mati Klepu,,,36,,,,"Dusun Macan Mati RT.01/RW.02, Desa Klepu Kecamatan Pringapus Kabupaten Semarang Provinsi Jawa Tengah",,,,,,,,,
281,PT IBS ( INTI BANGUN SEJAHTERA ),,,,Kalongan,,,45,,,,"Bukit Leyangan Damai, Kelurahan Leyangan, Kecamatan Ungaran Timur, Kabupaten Semarang, Provinsi Jawa Tengah",,,,,,,,,
282,PT. SOLUSINDO KREASI PRATAMA,,,,,,,,,,,Jln. Letjen Suprapto No. 37 Rt 07 / Rw 01 Sidomulyo Kec. Ungaran Timur,,,,,,,,,
283,PT. SOLUSINDO KREASI PRATAMA,,,,,,,,,,,Dusun Ngaduman RT 34/ RW 12 Kel. Regunung Kec. Tengaran,,,,,,,,,
284,PT GIHON TELEKOMUNIKASI,,,,,,,36,,,,Dusun Suko Rt 08 Rw 04 Desa Lerep Kecamatan Ungaran Barat,,,,,,,,,
285,PT GIHON TELEKOMUNIKASI,,,,,,,41,,,,Dusun Senden Rt 08 Rt 04 Desa JatiJajar Kecamatan Bergas,,,,,,,,,
286,PT. LINGGAJATI AL MANSHURIN,,,,,,,,,,,Jln. Telomoyo Rt 04 / Rw 01 Kel Bandarjo Kec. Ungaran Barat,,,,,,,,,
287,PT. TELKOMSEL,,,,,,,62,,,,Jl. Raya Bawen Ngalik Bawen,,,,,,,,,
288,PT. TELKOMSEL,,,,,,,72,,,,Dusun Karangasem Rt 03 / 01 Kel. Suruh Kec. Suruh,,,,,,,,,
