,,,,,,,,,,,,,,,,,,,,,
,,,Nomor,Nama Lokasi,Koordinat,Gambar ISP,Gambar Tiang Penuh,Gambar JB,Link ISP,Link Tiang,,,,,,,,,,,
,,,1,bangjo assalamah,"-7.121637,110.408685",,Tiang 1.jpg,,,https://drive.google.com/file/d/1HacLXiwtvp-P_hve9DBVKq3HfUBsfurh/view?usp=drive_link,,,,,,,,,,,
,,,2, Depan BPN binsani,"-7.121637,110.408685",2 isp asalamah masuk.heic,Tiang 2.jpg,,https://drive.google.com/file/d/1J2K6MSRUHWigonlCSjTDBWcsF5L9L9aZ/view?usp=drive_link,https://drive.google.com/file/d/1eKMYlhCA5FylY6-bElD21FwxJW8hmSC2/view?usp=drive_link,,,,,,,,,,,
,,,3,Seberang perabot rumah,"-7.122316,110.408970",3 isp asalamah masuk.heic,Tiang 3.jpg,,https://drive.google.com/file/d/1_Re-VZ4X-yjDepDr_Cs4vlJa3KWmJzdO/view?usp=drive_link,https://drive.google.com/file/d/1eM7CH_x5LE1Ycdl4oKgc0ZChp4BVlzmb/view?usp=drive_link,,,,,,,,,,,
,,,4,Depan pet center,"-7.1225549, 110.4091497",4 isp asalamah masuk.heic,Tiang 4.jpg,,https://drive.google.com/file/d/1wabL9qwzUl8HnUNQtTLNhq_MqAMadv_r/view?usp=drive_link,https://drive.google.com/file/d/1eooheF70y8TZfwGGczDt-c-qDV2euinW/view?usp=drive_link,,,,,,,,,,,
,,,5,sebelah pet center,"-7.122705,110.409220",5 isp asalamah masuk.heic,Tiang 5.jpg,,https://drive.google.com/file/d/1j4FIQfS0g9DkAhPglEhbPIaLGzqHX-E2/view?usp=drive_link,https://drive.google.com/file/d/1emfhTYYqIyzGX5i6HxClk1O21P663l1K/view?usp=drive_link,,,,,,,,,,,
,,,6,Depan rocket chicken,"-7.123014,110.409316 ",6 isp asalamah masuk.heic,Tiang 6.jpg,,https://drive.google.com/file/d/1BOgmDBUlshLB9UysN_aSbOR2OM9yGHWt/view?usp=drive_link,https://drive.google.com/file/d/1ejz6qSspmd8j-pXKD5w_lvMOQXUOQGCh/view?usp=drive_link,,,,,,,,,,,
,,,7,Depan bengkel,"-7.123458,110.409421",7 isp assalamah masuk.heic,Tiang 7.jpg,,https://drive.google.com/file/d/1hl8Qdyef1Dr5fsjczd9DH4pe_FFVsFgi/view?usp=drive_link,https://drive.google.com/file/d/1eh7R0V0vxwYzNPvwgbE3WHbFDPsYCRt-/view?usp=drive_link,,,,,,,,,,,
,,,8,Depan pentol,"-7.123587,110.409419",8 isp asalamah masuk.heic,Tiang 8.jpg,,https://drive.google.com/file/d/1lJUxccDVUhZJ9zOnAB9Tx9v10spOYT7I/view?usp=drive_link,https://drive.google.com/file/d/1efnYd8QhRGxf_qHGMsTiJVxLFlFhfg0q/view?usp=drive_link,,,,,,,,,,,
,,,9,Depan salon,"-7.123825,110.409420",9 isp asalamah masuk.heic,Tiang 9.jpg,,https://drive.google.com/file/d/12MQRzYOGAEQMDUh2EcG0HMSa3U6o8RI3/view?usp=drive_link,https://drive.google.com/file/d/1ebO2HLUHw6D3qk4mBUdWsC6BGVJYTSZ6/view?usp=drive_link,,,,,,,,,,,
,,,10,Depan alfamart,"-7.124198,110.409360",10 isp asalamah masuk.heic,Tiang 10.jpg,,https://drive.google.com/file/d/14lDyopcQ3zyL4pHKLUua2YlZzGJvrOJQ/view?usp=drive_link,https://drive.google.com/file/d/1e_VePpSGrsMKWKoRG1tak2xEj2SmXIlm/view?usp=drive_link,,,,,,,,,,,
,,,11,Seberang konter HP,"-7.124937,110.409169",11 isp asalamah masuk.heic,Tiang 11.jpg,,https://drive.google.com/file/d/1looDKY_lbaec2eolkyl1w-Gv6yXJXmah/view?usp=drive_link,https://drive.google.com/file/d/1eZkbrJieOt7CoQwQd9jxUwejcqxPMemQ/view?usp=drive_link,,,,,,,,,,,
,,,12,Seberang Smartfren,"-7.125147,110.409056",12 isp asalamah masuk.heic,Tiang 12.jpg,,https://drive.google.com/file/d/1iT32ZUvRNsDI_0RXt22ELeupupDcnEEP/view?usp=drive_link,https://drive.google.com/file/d/1eYh2QcyENs5EnW1U7tAnnTwcJTtXtpq-/view?usp=drive_link,,,,,,,,,,,
,,,13,seberang masjid,"-7.125618,110.408931",13 isp asalamah masuk.heic,Tiang 13.jpg,,https://drive.google.com/file/d/1JTi96ClmFz_9f31GAwmSus2_0dajusNm/view?usp=drive_link,https://drive.google.com/file/d/1eWBuvD29JBnrIXZe4cFeHdUnxPqFh-5N/view?usp=drive_link,,,,,,,,,,,
,,,14,Depan murbaut,"-7.126059,110.408861",14 isp asalamah masuk.heic,Tiang 14.jpg,,https://drive.google.com/file/d/1M3sAGt-adStHJxRAiKHxxEWBnLV4u8ef/view?usp=drive_link,https://drive.google.com/file/d/1eTEeLxJ9ADwWM1Ii9PufvtQUWlfZ1mdd/view?usp=drive_link,,,,,,,,,,,
,,,15,Seberang kantor koperasi,"-7.126882,110.409040",15 isp asalamah masuk.heic,Tiang 15.heic,,https://drive.google.com/file/d/1CjnBn1broSKBfMRSiJXDYtUxj8eJO-M1/view?usp=drive_link,https://drive.google.com/file/d/1InVsyJvgovSJuzt_Zrz3OePrV-7CT84F/view?usp=drive_link,,,,,,,,,,,
,,,16,Depan toko cat,"-7.127912,110.409143",16 isp asalamah masuk.heic,,,https://drive.google.com/file/d/1s5HxqDv4tdJD4-IuB6dEkgc8kvOCP5FF/view?usp=drive_link,,,,,,,,,,,,
,,,17,Depan indomaret,"-7.128321,110.409104",17 isp asalamah masuk.heic,,,https://drive.google.com/file/d/13MTky2pV2Ityyh5B5439-GlFpjzczv92/view?usp=drive_link,,,,,,,,,,,,
,,,18,Depan cuci mobil,"-7.133009,110.409425",18 isp asalamah masuk.heic,,,https://drive.google.com/file/d/1Wbjo42yM3-kRUAb_PAvO_UmJs66Tngjb/view?usp=drive_link,,,,,,,,,,,,
,,,19,Depan konter HP,"-7.133478,110.409483",19 isp asalamah masuk.heic,Tiang 19.jpg,,https://drive.google.com/file/d/140n3C81scfX-2LFw46-cL0j7_GypMOz7/view?usp=drive_link,https://drive.google.com/file/d/1eP6VBa-5i6-cNtWDzYGGw3of3PjunRS4/view?usp=drive_link,,,,,,,,,,,
,,,20,Depan kantor bupati,"-7.134349,110.409569",20 isp asalamah masuk.heic,Tiang 20.jpg,,https://drive.google.com/file/d/1oXiyfyZMyfMgbHCc375Q2NJa6poupuiU/view?usp=drive_link,https://drive.google.com/file/d/1eqCZf6FPruJorDQa6IJHofct0flC2XM3/view?usp=drive_link,,,,,,,,,,,
,,,21,Depan masjid agung (belum fix),"-7.134766,110.409603 ",21 isp asapamah masuk.heic,Tiang 21.jpg,,https://drive.google.com/file/d/13O2em3ZV_dkJIP5jckqlKgg97npIFbiB/view?usp=drive_link,https://drive.google.com/file/d/1eoqurEcwyzIKyelA0GYWJDaN1C3nap1U/view?usp=drive_link,,,,,,,,,,,
,,,22,Depan masjid agung (belum fix),"-7.135145,110.409630",22 isp asalamah masuk.heic,Tiang 22.jpg,,https://drive.google.com/file/d/1gJ-y4fgj0EVLIBZW1xYOIlqY889ZpK2J/view?usp=drive_link,https://drive.google.com/file/d/1fCTTSKSU7v3iMzOiYJLGtNHeMsQBvslM/view?usp=drive_link,,,,,,,,,,,
,,,23,depan karen chicken,"-7.135534,110.409671",23 isp asalamah masuk.heic,Tiang 23.jpg,,https://drive.google.com/file/d/1KBQwbVKa1vl2n6oimENgwNUaYmuxF-ML/view?usp=drive_link,https://drive.google.com/file/d/1fB-kN71G4VDCeQuZTjQNjncL0c6RlqsS/view?usp=drive_link,,,,,,,,,,,
,,,24,Depan sop iga,"-7.135895,110.409749",24 isp asalamah masuk.heic,Tiang 24.jpg,,https://drive.google.com/file/d/1CqCg2wm_gCcceOcaemI1Ul7OeY0mTUCb/view?usp=drive_link,https://drive.google.com/file/d/1fAFsS_SZzuf0yb_tEQeiSlzMhNK5MaTk/view?usp=drive_link,,,,,,,,,,,
,,,25,Bangjo perempatan,"-7.136353,110.409863",25 isp asalamah masuk.heic,Tiang 25.jpg,,https://drive.google.com/file/d/1bini1be4Mn-aXqjwa5fv82aRrGQMX_XA/view?usp=drive_link,https://drive.google.com/file/d/1fGAp7cWhP9Vf8VQAKmtj_nEVq_t1RXdV/view?usp=drive_link,,,,,,,,,,,
,,,,,,,,,,,,,,,,,,,,,
,,,,,,,,,,,,,,,,,,,,,
,,,,,,,,,,,,,,,,,,,,,
,,,Nomor,Nama Lokasi,Koordinat,Gambar ISP,Gambar Tiang Penuh,Gambar JB,Link ISP,Link Tiang,Link JB,,,,,,,,,,
,,,1,Depan solafide school,"-7.1199965, 110.4051280",isp 1.jpg,tiang 1.jpg,-,https://drive.google.com/file/d/1S9jHaeP6hd882pDkxXELKAOj_SEvoYV9/view?usp=drive_link,https://drive.google.com/file/d/1Sg5LcxFYMdMpgIS48upP-XnStLUREdDf/view?usp=drive_link,-,,,,,,,,,,
,,,2,Sebelah jembatan,"-7.119650, 110.406782",isp 2.jpg,tiang 2.jpg,-,https://drive.google.com/file/d/1HoXPycFMRzVSUThjpH1KtxS7YAbXW0rt/view?usp=drive_link,https://drive.google.com/file/d/1OICgaTgFlh1jWmC1tTvAVuRh-Vb6tQxo/view?usp=drive_link,-,,,,,,,,,,
,,,3,Depan masjid Al-Ikhlas,"-7.1195520, 110.4072228",isp 3.jpg,tiang 3.jpg,jb 3.jpg,https://drive.google.com/file/d/1UHNIYsCbozxw2Jj5AUV361wIjKNuLpsr/view?usp=drive_link,https://drive.google.com/file/d/1_rKJXCxKDo2J7US2QZReib36zXoNsM_K/view?usp=drive_link,https://drive.google.com/file/d/19ww5m1sI1gZOiATW1wswAQbmbPSH9c03/view?usp=drive_link,,,,,,,,,,
,,,4,Depan TB Utama Karya,"-7.1196019, 110.4076751",isp 4.jpg,tiang 4.jpg,-,https://drive.google.com/file/d/1-i-GSnvN2vEy19mS4jkUwoBgjsXxQK9y/view?usp=drive_link,https://drive.google.com/file/d/1ntJpTGpi9Kh37pvNbDa8GyqA_fUna6rF/view?usp=drive_link,-,,,,,,,,,,
,,,5,Depan gang masuk Kel Bandarjo,"-7.1202553, 110.4079544",isp 5.jpg,tiang 5.jpg,jb 5.jpg,https://drive.google.com/file/d/1Eidax6yT_IJhUKQBf07cc4BfJg_vm1Eg/view?usp=drive_link,https://drive.google.com/file/d/1zkany9YLCE6k3f6L0aTn_7G-PRSXxUpr/view?usp=drive_link,https://drive.google.com/file/d/1Dy1jjMrx559G4nscTpWYriNNGdh0qIst/view?usp=drive_link,,,,,,,,,,
,,,6,Depan ungaran AC,"-7.1204696, 110.4082991",isp 6.jpg,tiang 6.jpg,jb 6.jpg,https://drive.google.com/file/d/1f7-_lhbJM94IJrlYs3wfCHpNm7H_ceFc/view?usp=drive_link,https://drive.google.com/file/d/1r9JAWgkdMh-6hHWaP7NLcWywLnjmktWH/view?usp=drive_link,https://drive.google.com/file/d/1-sApM7LqLBx7c8vnmrq1zqiCeBtMjt6D/view?usp=drive_link,,,,,,,,,,
,,,7,Depan radaz PS,"-7.1208455, 110.4084932",isp 7.jpg,tiang 7.jpg,-,https://drive.google.com/file/d/1hi9jxxapvAVjX_pOGiZgILtYm2lC6Ta5/view?usp=drive_link,https://drive.google.com/file/d/1Tj7OTeGRIMZgQ6MhHMTEVoihfeWVSqjL/view?usp=drive_link,-,,,,,,,,,,
,,,8,Depan mushola Al-Khasanah,"-7.1205927, 110.4084748",-,tiang 8.jpg,jb 8.jpg,-,https://drive.google.com/file/d/1F1PRpBWBhrRlSk_Tt5QH-RtawVhqBTSe/view?usp=drive_link,https://drive.google.com/file/d/10rJPp3Pf1Qz2fKFeVqRU8RVUy0oPXlDm/view?usp=drive_link,,,,,,,,,,
,,,9,Seberang gang Kel Bandarjo,"-7.1202271, 110.4078750",isp 9.jpg,tiang 9.jpg,jb 9.jpg,https://drive.google.com/file/d/1yZZFLGCHVsAyCz4_82j042qDsqp1wegP/view?usp=drive_link,https://drive.google.com/file/d/1Cnk-vT_FDlte3qQfY5mgIZUF5rjXhDCR/view?usp=drive_link,https://drive.google.com/file/d/1Hdu4rw3V6mqSHABMTDXWsZSF08SCX02j/view?usp=drive_link,,,,,,,,,,
,,,10,Depan Toko Bu Danu,"-7.1197766, 110.4065127",isp 10.jpg,tiang 10.jpg,-,https://drive.google.com/file/d/1ol8UXpkD9TespalIqVJvyz6a6GJXrbaI/view?usp=drive_link,https://drive.google.com/file/d/1ADANk3aT42FEe9AGWIGzNMlpaYPdri0K/view?usp=drive_link,-,,,,,,,,,,
,,,11,Depan Happy Holy Kids,"-7.1200644, 110.4050187",isp 11.jpg,tiang 11.jpg,jb 11.jpg,https://drive.google.com/file/d/128wRaWtIRMiCVjeHJJTI5YomAyJWA1mb/view?usp=drive_link,https://drive.google.com/file/d/1DYeSb9O1maROMCIcmaQ83XTnI4Ye_hRK/view?usp=drive_link,https://drive.google.com/file/d/1jxkNtCdFfPosHhrfJ9cZddO8LZMiRMAw/view?usp=drive_link,,,,,,,,,,
,,,,,,,,,,,,,,,,,,,,,
,,,,,,,,,,,,,,,,,,,,,
,,,Nomor,Nama Lokasi,Koordinat,Gambar ISP,Gambar Tiang Penuh,Gambar JB,Link ISP,Link Tiang ,Link JB,,,,,,,,,,
,,,1,Samping bangjo,"-7.119389, 110.404131",-,tiang 1.jpg,jb 1.jpg,-,https://drive.google.com/file/d/1trz4i4b1X_F1LDHnIt3-ONrdBadP6m_V/view?usp=drive_link,https://drive.google.com/file/d/1Vjn6Z11d8A7vUMCo9AjV-cvylFTfQte-/view?usp=drive_link,,,,,,,,,,
,,,2,Depan alton town house,"-7.119290, 110.404319",-,tiang 2.jpg,jb 2.jpg,-,https://drive.google.com/file/d/1EIhmw8f5a7VVc-FlXoqryLRFuKAuAM-_/view?usp=drive_link,https://drive.google.com/file/d/1x6kqFXN1ezelLHZNlv84dUKNp65bVEpC/view?usp=drive_link,,,,,,,,,,
,,,3,Depan SMK Bina Nusantara,"
-7.119127, 110.404602",-,tiang 3.jpg,-,-,https://drive.google.com/file/d/1k7uPrOtOfl7_RM1B5piy8WV_MzefIW5P/view?usp=drive_link,-,,,,,,,,,,
,,,4,Depan damkar,"-7.118948, 110.404937",-,tiang 4.jpg,jb 4.jpg,-,https://drive.google.com/file/d/1UPQF08splMb1lJZcIkbBDd9jo4690cSQ/view?usp=drive_link,https://drive.google.com/file/d/1roQBo7BM21oDNFzxIUsNHUxiFN4p2DL4/view?usp=drive_link,,,,,,,,,,
,,,5,Depan DPU,"-7.118753, 110.405361",isp 5.jpg,tiang 5.jpg,-,https://drive.google.com/file/d/1XtsDD63DjT5zdYOPYgstlgJx6EHN7Fxy/view?usp=drive_link,https://drive.google.com/file/d/1hK17kAN2YxsFmXr1-JOy3SGe99l4qB3K/view?usp=drive_link,-,,,,,,,,,,
,,,,,,,,,,,,,,,,,,,,,
,,,,,,,,,,,,,,,,,,,,,
,,,Nomor,Nama Lokasi,Koordinat,Gambar ISP,Gambar Tiang Penuh,Gambar JB,Link ISP,Link Tiang,Link JB,,,,,,,,,,
,,,1,Pertigaan depan Dinkes,"-7.1287938, 110.4098330",-,Tiang 1.jpg,joint box 1.jpg,-,https://drive.google.com/file/d/1YdA9B7I6BPEVxPLEbixcnz7D0EweT61m/view?usp=drive_link,https://drive.google.com/file/d/1ku5MzOCOf7Gn-HJY0b_moJhzcSciWnRu/view?usp=drive_link,,,,,,,,,,
,,,2,Depan Mr.Blue Laundry,"-7.1287841, 110.4091933",-,tiang 2.jpg,joint box 2.jpg,-,https://drive.google.com/file/d/1aUI2sFmDNmKLVAnnTiw1jkv0f40tTPSK/view?usp=drive_link,https://drive.google.com/file/d/1Nj2tXJh3CZS9LRamCvpycAe7-09FE5Vp/view?usp=drive_link,,,,,,,,,,
,,,3,Depan Kel Ungaran,"-7.1287765, 110.4088969",isp 3.jpg,Tiang 3.jpg,joint box 3.jpg,https://drive.google.com/file/d/1AR3vw9HmXurfIOFlElxVFJF83qV6QtIM/view?usp=drive_link,https://drive.google.com/file/d/11ml0asy97mNefr8fZ0yizSWbyGYuPT-s/view?usp=drive_link,https://drive.google.com/file/d/1z16gPrsWHzGhyby9DJsn7qDMFxUxxhks/view?usp=drive_link,,,,,,,,,,
,,,4,Depan Kencana Copy,"-7.1287046, 110.4080533",-,tiang 4.jpg,joint box 4.jpg,-,https://drive.google.com/file/d/1CsUfMUhjUI-D0JxbwuAocWnMP6H9dNeS/view?usp=drive_link,https://drive.google.com/file/d/1GrgbLS1cz_OfI8ZHsVOkF5plCP_C0jAt/view?usp=drive_link,,,,,,,,,,
,,,5,Depan nasi hainan ayam panggang,"-7.1286544, 110.4068762",isp 5.jpg,tiang 5.jpg,-,https://drive.google.com/file/d/16OsjxnMnHtnNRbd7vvmIXtT6zWovNMm5/view?usp=drive_link,https://drive.google.com/file/d/1zuqMZ4Atx5G6CxcNLJwjYLggXDnd3i6o/view?usp=drive_link,-,,,,,,,,,,
,,,6,Depan SDN Ungaran 02,"-7.1286341, 110.4065778",isp 6.jpg,tiang 6.jpg,-,https://drive.google.com/file/d/1AARw6YaRstJcYl3A1jN8HzzKIrwgDuxe/view?usp=drive_link,https://drive.google.com/file/d/1FFC6JS5WtHOVhBx8kwHhyCxw6pQZnY19/view?usp=drive_link,-,,,,,,,,,,
,,,7,Depan new citra salon,"-7.1285409, 110.4057114",-,tiang 7.jpg,joint box 7.jpg,-,https://drive.google.com/file/d/1s0rAuewE1teeoNOFp6ZihzJEGMYpdoH0/view?usp=drive_link,https://drive.google.com/file/d/1bkWLCQt2JaFa06yVqs8Xd3OHdXkWpwno/view?usp=drive_link,,,,,,,,,,
,,,8,Depan swiwings,"-7.1287478, 110.4054553",isp 8.jpg,tiang 8.jpg,joint box 8.jpg,https://drive.google.com/file/d/1A3_7PaFbWMgWAFk8Glt72rVA7wqqxvUX/view?usp=drive_link,https://drive.google.com/file/d/1dM1YRi3Rm30MeJH0ZR__aP-nJz1QnyJ8/view?usp=drive_link,https://drive.google.com/file/d/13oqaCQtz5TtykH-C-VauSzv0wH41LvLc/view?usp=drive_link,,,,,,,,,,
,,,9,Seberang kesbangpol kab,"-7.1291022, 110.4053450",-,tiang 9.jpg,joint box 9.jpg,-,https://drive.google.com/file/d/1p7o72u9vA_nfWc9thfAmIRFwVIGXe2YH/view?usp=drive_link,https://drive.google.com/file/d/1KMWqnvCiqEAvLok6sx0YpNi-eDrzB43Y/view?usp=drive_link,,,,,,,,,,
,,,10,Seberang meloundry,"-7.1295283, 110.4051951",isp 10.jpg,tiang 10.jpg,joint box 10.jpg,https://drive.google.com/file/d/10gotPxeTLWCPgppOge72JlrCi76Td2a7/view?usp=drive_link,https://drive.google.com/file/d/1Q2BxgJADabeLtOD1DdFsp3ewVQMN_6Hv/view?usp=drive_link,https://drive.google.com/file/d/1PMcWxC9LdxjXTP7SaNGH_lT4-PHw7hDy/view?usp=drive_link,,,,,,,,,,
,,,11,Depan off-grid,"-7.1297689, 110.4048702",isp 11.jpg,tiang 11.jpg,joint box 11.jpg,https://drive.google.com/file/d/16_kW-JfjNZTzY7SAtSmlRfOcje4RbuyX/view?usp=drive_link,https://drive.google.com/file/d/1jT-TfpmHcfwZB3lCj3XJCTWd5Teiqd6h/view?usp=drive_link,https://drive.google.com/file/d/1iPXIXSqOiBXCG8Y8OXrQxfSYoZRndFAZ/view?usp=drive_link,,,,,,,,,,
,,,12,Depan polsek ungaran barat,"-7.1299565, 110.4040414",isp 12.jpg,tiang 12.jpg,joint box 12.jpg,https://drive.google.com/file/d/1AQ0591NggNPyFNRgJer5zTlDMiFpH3oc/view?usp=drive_link,https://drive.google.com/file/d/1pIuJvoP7We7Hn7w2A6Fig9sUVik8uuG9/view?usp=drive_link,https://drive.google.com/file/d/1Q3Izjin7a6yP1vvPWJiHPL__1Q5S2GH9/view?usp=drive_link,,,,,,,,,,
,,,13,Depan kantor bupati,"-7.1291018, 110.4041614",isp 13.jpg,tower 13.jpg,joint box 13.jpg,https://drive.google.com/file/d/1YWFi81GJ5gdftUBvXS0hIufFrS8A2F8k/view?usp=drive_link,https://drive.google.com/file/d/1taEeZHTrp-07ULO-KXHFpAccPtGzoW77/view?usp=drive_link,https://drive.google.com/file/d/12q_2ZglEpvsAb-ymIN2YPQgWPl25t-LI/view?usp=drive_link,,,,,,,,,,
,,,14,Belakang diskominfo,"-7.128640, 110.403440",-,tiang 14.jpg,joint box 14.jpg,-,https://drive.google.com/file/d/1TnThJuunLD5i3BFy9DGwoePpLNfHsJ4i/view?usp=drive_link,https://drive.google.com/file/d/1LWp6dRLPhA9mU3GjZHpWDHpR2VeAbCDp/view?usp=drive_link,,,,,,,,,,
,,,,,,,,,,,,,,,,,,,,,
,,,,,,,,,,,,,,,,,,,,,
,,,,,,,,,,,,,Nomor,Nama Lokasi,Koordinat,Gambar ISP,Gambar Tiang Penuh,Gambar JB,Link ISP,Link Tiang,Link JB
,,,Nomor,Nama Lokasi,Koordinat,Gambar ISP,Gambar Tiang Penuh,Gambar JB,Link ISP,Link Tiang,Link JB,,1,Depan kuburan,"-7.135156,110.423733",Isp1 terowongan.jpg,Isp1 terowongan wide.jpg,-,https://drive.google.com/file/d/1oPE-V2uyEwnYoRScOTrc2ekBrFmxb80Y/view?usp=drive_link,https://drive.google.com/file/d/1js4-jBXhGE_l8eU62XMYh2XIbJ3RvAsj/view?usp=drive_link,-
,,,1,Depan tahu baso,"-7.170639,110.415016",-,Joint box 1 wide.jpg,Joint box 1.jpg,-,https://drive.google.com/file/d/115HUbF7QOBekiuax4fbvntgw3MyKUTW0/view?usp=drive_link,https://drive.google.com/file/d/1G0qPrlE2DgDS_86_XGL8k0tTiIui39Qt/view?usp=drive_link,,2,terowongan," -7.135384,110.424636",-,Jb1 terowongan wide.jpg,Jb1 terowongan.jpg,-,https://drive.google.com/file/d/1y5xgirQ8ExYq3cLIAK4isllYD53aadn1/view?usp=drive_link,https://drive.google.com/file/d/13O8Tq9V8HX9X0h3DbUMkqD4BwDp8Qwsx/view?usp=drive_link
,,,2,Seberang Sams,"-7.1700986, 110.4147367",Kotak isp 1.jpg,Kotak isp 1 wide.jpg,-,https://drive.google.com/file/d/1LWQQ4k2g6dhJ7auxlbpVYScMg_GceihL/view?usp=drive_link,https://drive.google.com/file/d/1Y8_EACYpD6m-ShCTZl1P5rmDJOYcp9Rl/view?usp=drive_link,-,,3,Per4an,"-7.134952,110.422158",Isp2 terowongan.jpg,Isp2 terowongan wide.jpg,-,https://drive.google.com/file/d/1mDV8xnEiwXWyc6fPSElXYFgD-rqzjQN8/view?usp=drive_link,https://drive.google.com/file/d/1A3WXSop9pbakXnnXsvN2RtMrhjX4T02K/view?usp=drive_link,-
,,,3,Depan Dealer Motor,"-7.168961,110.414176",-,Joint box 2 wide.jpg,Joint box 2.jpg,-,https://drive.google.com/file/d/1rCrP-_l4YgZyn_DQal81CUFYWLCWeqcx/view?usp=drive_link,https://drive.google.com/file/d/1wDosBEJheGFMjZPLcISqegnDNKZwI3Jf/view?usp=drive_link,,4,Per4an,"-7.135046,110.421998",-,Jb2 terowongan wide.jpg,Jb2 terowongan.jpg,-,https://drive.google.com/file/d/1pHVW1XZOysyE-xYJKbmXLwkqe-NGzVas/view?usp=drive_link,https://drive.google.com/file/d/1--OjxFh7HdlxxJnal2G3_PSDMe4aIw9X/view?usp=drive_link
,,,4,Depan Bank Jateng,"-7.168028,110.413825",Kotak isp 2.jpg,Kotak isp 2 wide.jpg,-,https://drive.google.com/file/d/1oQGwQrl2l94NuYHJ9VAx4h6RH1eo2pbJ/view?usp=drive_link,https://drive.google.com/file/d/1c3E4Ylsd4Lv_H5D0RwW-aVhOBB7WO2fW/view?usp=drive_link,-,,5,Per3an ,"-7.135047,110.421008",Isp3 jb3 terowongan.jpg,Isp3 jb3 terowongan wide.jpg,Isp3 jb3 terowongan.jpg,https://drive.google.com/file/d/1DbZzMS2jAvW9eJ33CssyRa8f72RPfbxd/view?usp=drive_link,https://drive.google.com/file/d/1kDGG9mDK24VBbqNmbJQp9aHh1TOF6qIj/view?usp=drive_link,https://drive.google.com/file/d/1DbZzMS2jAvW9eJ33CssyRa8f72RPfbxd/view?usp=drive_link
,,,5,Depan KSP,"-7.167827,110.413736",-,Joint box 3 wide.jpg,Joint box 3.jpg,-,https://drive.google.com/file/d/1nIzCpVRCw0XaePjkZ5mStRx3J1bJLOrw/view?usp=drive_link,https://drive.google.com/file/d/1CpJOc9sFvrcp2kzOv57HNo4TrgSz2UGx/view?usp=drive_link,,6,Per3an iphone,"-7.133008,110.420521",Isp4 terowongan.jpg,Isp4 terowongan wide.jpg,-,https://drive.google.com/file/d/1MkddQRcgnFWLqwDSUaTxrDk-ug1kv5bj/view?usp=drive_link,https://drive.google.com/file/d/1zGi0_9fPiHnX5ZZRmBhv44L3qxkIY3FO/view?usp=drive_link,-
,,,6,Seberang BRI Babadan,"-7.165632,110.413234",-,Isp 3& joint box 4 wide.jpg,Isp 3& joint box 4.jpg,-,https://drive.google.com/file/d/15C-TwBd7ut8h3rfC3CWQovz7eaQyDa8Y/view?usp=drive_link,https://drive.google.com/file/d/1nqgqmII_o8939ISkdMhyzYibJ6hPS0Z2/view?usp=drive_link,,7,per3an iphone,"-7.133008,110.420521",-,Jb4 terowongan wide.jpg,Jb4 terowongan.jpg,-,https://drive.google.com/file/d/1O8NkYVeZ2LW6iF_Wo9qiB5XaI5kGYLkO/view?usp=drive_link,https://drive.google.com/file/d/1PbNz0hzZJGvIMIWEO-KqkmG04cqGnAyZ/view?usp=drive_link
,,,7,Seberang BRI Babadan,"-7.165632,110.413234",Isp 3& joint box 4.jpg,Isp 3& joint box 4 wide.jpg,-,https://drive.google.com/file/d/1nqgqmII_o8939ISkdMhyzYibJ6hPS0Z2/view?usp=drive_link,https://drive.google.com/file/d/15C-TwBd7ut8h3rfC3CWQovz7eaQyDa8Y/view?usp=drive_link,-,,8,Depan perumahan,"-7.131801,110.419197",Isp5 jb5 terowongan.jpg,Isp5 jb5 terowongan wide.jpg,Isp5 jb5 terowongan.jpg,https://drive.google.com/file/d/10OoN6vHEc5UOa0tQOOtLBUL4ZiiuOihz/view?usp=drive_link,https://drive.google.com/file/d/1IzQXuZgGbOoRj-ZfeNWdLs3IB5cXbsT2/view?usp=drive_link,https://drive.google.com/file/d/10OoN6vHEc5UOa0tQOOtLBUL4ZiiuOihz/view?usp=drive_link
,,,8,Seberang Dealer Honda,"-7.164812,110.413059",Isp 4.jpg,Isp 4 wide.jpg,-,https://drive.google.com/file/d/1hNWDBkYTcc6F1NX93C7mL9WwZn22POjc/view?usp=drive_link,https://drive.google.com/file/d/19CpXYI680MEAyO9G9Mr6YV30UTs-uGl_/view?usp=drive_link,-,,9,Jembatan,"-7.131168,110.418321",Isp 1 jb 1 jembatan.jpg,Isp 1 jb 1 jembatan wide.jpg,Isp 1 jb 1 jembatan.jpg,https://drive.google.com/file/d/1T4bSttgXaJX1JJAeDdEJlMWWU_w8NgDG/view?usp=drive_link,https://drive.google.com/file/d/1tK279pPVgJ0Cu28gABdFUmQojytJ96FU/view?usp=drive_link,https://drive.google.com/file/d/1T4bSttgXaJX1JJAeDdEJlMWWU_w8NgDG/view?usp=drive_link
,,,9,Seberang pasar Babadan,"-7.163627,110.412786",-,Joint box 5 wide.jpg,Joint box 5.jpg,-,https://drive.google.com/file/d/1qbe35eg5c7SBa66Zf716V3Qu6y3Fm7V5/view?usp=drive_link,https://drive.google.com/file/d/1UjBNTSSSFz9w5FgpTuNwD5PxSjyW_B-A/view?usp=drive_link,,10,Depan Ayam Panggang,"-7.130385,110.415986",Isp2 jembatan.jpg,Isp2 jembatan wide.jpg,-,https://drive.google.com/file/d/1HTD0GwzzVmEwncDIsa1Hhq1Q3CodztMS/view?usp=drive_link,https://drive.google.com/file/d/1sWMujbhtgilVzZJ2V0DAUEGUs3KstgZJ/view?usp=drive_link,-
,,,10,Seberang Pasar Babadan,"-7.162837,110.412654",Isp 5.jpg,Isp 5 wide.jpg,-,https://drive.google.com/file/d/1A_kYeT3ClntnS0LUWoUU5aK8-otHeaLY/view?usp=drive_link,https://drive.google.com/file/d/1ICdkUP8k4N6MZA7t4VGf7T_cauew2gck/view?usp=drive_link,-,,11,Depan perumahan,"-7.130635,110.416769",-,Jb 2 jembatan wide.jpg,Jb 2 jembatan.jpg,-,https://drive.google.com/file/d/1628GftTVH52Na5vA9Qyz07JNYnmtgBNU/view?usp=drive_link,https://drive.google.com/file/d/1_UV4QMxsHanxuXI456Tl843LfkMZFjtT/view?usp=drive_link
,,,11,Depan astra,"-7.161455,110.412380",-,Joint box 6 wide.jpg,Joint box 6.jpg,-,https://drive.google.com/file/d/1Owv6H3TIJ8b6Fg-jZUtsNFnPLN26w9_h/view?usp=drive_link,https://drive.google.com/file/d/1HRipxOMQ0z41mqufGkKYNmy3OugoDy4Z/view?usp=drive_link,,12,Depan Balai,"-7.129700,110.414514",Isp 3 jembatan.jpg,Isp 3 jembatan wide.jpg,Isp 3 jembatan.jpg,https://drive.google.com/file/d/1XKHR9JvGyNKWL2mZal6IqKBeVg5A0-WS/view?usp=drive_link,https://drive.google.com/file/d/1opaDHTgHKimsX0GqnwDw85_g2SXfJbl8/view?usp=drive_link,https://drive.google.com/file/d/1XKHR9JvGyNKWL2mZal6IqKBeVg5A0-WS/view?usp=drive_link
,,,12,Seberang Nissin,"-7.160908,110.412296",Joint box 7 & isp 6.jpg,Joint box 7 & isp 6 wide.jpg,Joint box 7 & isp 6.jpg,https://drive.google.com/file/d/13Ftsqm0dv8iZJ1dGgNp-hTVhC1WsxW0j/view?usp=drive_link,https://drive.google.com/file/d/1HYZqkeMt-KSD5Mnyc2-GWhBRF3OTI4PJ/view?usp=drive_link,https://drive.google.com/file/d/13Ftsqm0dv8iZJ1dGgNp-hTVhC1WsxW0j/view?usp=drive_link,,13,Per3an,"-7.129772,110.412832",Isp 4 jembatan.jpg,Isp 4 jembatan wide.jpg,Isp 4 jembatan.jpg,https://drive.google.com/file/d/1GSRgI7okfNYFTxywyKKruBUFsVADLjdL/view?usp=drive_link,https://drive.google.com/file/d/1cuwOu13r6--rGv9NHErdQueWtuliKM-o/view?usp=drive_link,https://drive.google.com/file/d/1GSRgI7okfNYFTxywyKKruBUFsVADLjdL/view?usp=drive_link
,,,13,Depan Masjid,"-7.155234,110.410570",Joint box 8 & isp 7.jpg,Joint box 8 & isp 7 wide.jpg,Joint box 8 & isp 7.jpg,https://drive.google.com/file/d/1tvdzHfL_sEY2ZxkJeQ5a0-cMc-VNjhMO/view?usp=drive_link,https://drive.google.com/file/d/1zKK-2TZAL7HdKbCjmZpTMFj3Yph8RWze/view?usp=drive_link,https://drive.google.com/file/d/1tvdzHfL_sEY2ZxkJeQ5a0-cMc-VNjhMO/view?usp=drive_link,,14,Depan Cuci Mobil,"-7.128866,110.411428",Isp 5 jembatan.jpg,Isp 5 jembatan wide.jpg,-,https://drive.google.com/file/d/1F4LXofxFEnJKRh9u973FgiRfuoEVGzuD/view?usp=drive_link,https://drive.google.com/file/d/1UDFxZIcK81-V27jcJ5RFsVFvp4V4pu__/view?usp=drive_link,-
,,,14,Depan Alfamart,"-7.153357,110.409860",Joint box 9 & isp 8.jpg,Joint box 9 & isp 8 wide.jpg,Joint box 9 & isp 8.jpg,https://drive.google.com/file/d/15BCYOopsqojUF5yJndlepeNo9v9xPF3l/view?usp=drive_link,https://drive.google.com/file/d/1bSeFEJas0bvWYgcrWnAON4tO5Zdljk4P/view?usp=drive_link,https://drive.google.com/file/d/15BCYOopsqojUF5yJndlepeNo9v9xPF3l/view?usp=drive_link,,15,seberang soto,"-7.128947,110.412262",-,Jb 4 jembatan wide.jpg,Jb 4 jembatan.jpg,-,https://drive.google.com/file/d/1nzua-HFgvWpX5N7SpFp-q6XrGz6eUvlw/view?usp=drive_link,https://drive.google.com/file/d/1laJ-iTjKL0C2b1a30sKhFz3XK8ZP9hrv/view?usp=drive_link
,,,15,Depan WS,"-7.150251,110.408716",Joint box 10 & isp 9.jpg,Joint box 10 & isp 9 wide.jpg,Joint box 10 & isp 9.jpg,https://drive.google.com/file/d/1pT2SGRp9nr6_TmZkceaT9UHcDdpYWsy_/view?usp=drive_link,https://drive.google.com/file/d/1a_9u2LV_3FYhVsEzQPUx5__cfrsFFdPB/view?usp=drive_link,https://drive.google.com/file/d/1pT2SGRp9nr6_TmZkceaT9UHcDdpYWsy_/view?usp=drive_link,,16,Depan Rotan,"-7.128820,110.410189",Isp 6 jb5 jembatan.jpg,Isp 6 jb5 jembatan wide.jpg,Isp 6 jb5 jembatan.jpg,https://drive.google.com/file/d/1hLo89Gcxcrz-iZ9qdWCk3ohncHGeqfzo/view?usp=drive_link,https://drive.google.com/file/d/1QMmZEciLSiq6yTBVBa3nv5tVMIKyUw9X/view?usp=drive_link,https://drive.google.com/file/d/1hLo89Gcxcrz-iZ9qdWCk3ohncHGeqfzo/view?usp=drive_link
,,,16,Depan Over O,"-7.148437,110.408003",Joint box 11 & isp 10.jpg,Joint box 11 & isp 10 wide.jpg,Joint box 11 & isp 10.jpg,https://drive.google.com/file/d/1uP7GPmujkF-ZDhXExeDpcg5d6lzOuxKu/view?usp=drive_link,https://drive.google.com/file/d/13klxjqlD7XnrTxHPhOSViKEw94zlIJoX/view?usp=drive_link,https://drive.google.com/file/d/1uP7GPmujkF-ZDhXExeDpcg5d6lzOuxKu/view?usp=drive_link,,17,Per3an,"-7.128810,110.409827",-,Jb6 jembatan wide.jpg,Jb6 jembatan.jpg,-,https://drive.google.com/file/d/1SAaVGCo3006pVikCv2ZWeQxnIKiwUvWG/view?usp=drive_link,https://drive.google.com/file/d/1VcBZwTsGxeVCWUO-GCAMGZ_9uiz7UDxe/view?usp=drive_link
,,,17,Seberang Domino Pizza,"-7.146234,110.407100",11 isp wujil kominfo.heic,1 tiang.jpg,-,https://drive.google.com/file/d/1vzBYhHmGAscU6p5NF5pCGEwS2uazvxR2/view?usp=drive_link,https://drive.google.com/file/d/1ozjaDqhaPoeAIm07zz8zzq7E-Ht5FndL/view?usp=drive_link,-,,,,,,,,,,
,,,18,Seberang Sate Sapi,"-7.146234,110.407100",12 isp wujil kominfo.heic,2 tiang.jpg,12 jb wujil kominfo.heic,https://drive.google.com/file/d/1k7gcxam6pCOq6SVkjgRglR6eW5bgZLUI/view?usp=drive_link,https://drive.google.com/file/d/1Ygpj2iIhRhjM0g-bvgzvV9vmq10UooUf/view?usp=drive_link,https://drive.google.com/file/d/1kK0vDgceMm_k31eu5oIrXyHKQ-i7IOrS/view?usp=drive_link,,,,,,,,,,
,,,19,Seberang Dealer Honda,"-7.142141,110.405826",13 isp wujil kominfo.heic,3 tiang.jpg,-,https://drive.google.com/file/d/13TEgz4SLdZ_pAzHZMyPX4Xgqp6_CfdeS/view?usp=drive_link,https://drive.google.com/file/d/1tCZDF4oSN33EkCl0zmjhUyav-ni3ig-1/view?usp=drive_link,-,,Nomor,Nama Lokasi,Koordinat,Gambar ISP,Gambar Tiang Penuh,Gambar JB,Link ISP,link Tiang,Link JB
,,,20,Depan Indomaret,"-7.139752,110.405395",14 isp wujil  kominfo.heic,4 tiang.jpg,13 jb wujil kominfo.heic,https://drive.google.com/file/d/10Xz-3v8YMPMYmxx4FlUNk2pN-RRwTRUg/view?usp=drive_link,https://drive.google.com/file/d/1vJK1FczZuu7CSm81IPNah8Pn3IM94Hoa/view?usp=drive_link,https://drive.google.com/file/d/1_2G5HDj8jSghBmML-HmlgLMTC_MSPasC/view?usp=drive_link,,1,Depan Kuburan,"-7.138677,110.403630",Isp1 kec genuk.jpg,Isp1 kec genuk wide.jpg,-,https://drive.google.com/file/d/1tYP4HlEDbMsxOXYynzNgRi5mUZCwzGtP/view?usp=drive_link,https://drive.google.com/file/d/1BoDG9zv7qI52Bh_DSxvCoHjmB5EBnGTa/view?usp=drive_link,-
,,,,,,,,,,,,,2,Depan SLB,"-7.138334,110.402904",Isp 2 kec genuk.jpg,Isp 2 kec genuk wide.jpg,-,https://drive.google.com/file/d/1WLZznNFHL56KH9XLcHIxAg3zOqmheLEW/view?usp=drive_link,https://drive.google.com/file/d/1ufjEKIREoaeex3j4BGULxD0yOfxMWSMu/view?usp=drive_link,-
,,,,,,,,,,,,,3,Depan Kelurahan Genuk,"-7.138355,110.402554",Isp 3 kec genuk.jpg,Isp 3 kec genuk wide.jpg,-,https://drive.google.com/file/d/1tCnN3qO8fc4ysWmPNe-KYKpUJhLdE29t/view?usp=drive_link,https://drive.google.com/file/d/1Id2Qdc_N4QF3Y6ynX_PYkCMuuE4Nh_Qn/view?usp=drive_link,-
,,,Nomor,Nama Lokasi,Koordinat,Gambar ISP,Gambar Tiang Penuh,Gambar JB,Link ISP,Link Tiang,Link JB,,,,,,,,,,
,,,1,Bangjo assalamah ,"-7.121319,110.408707",Isp 1 jb1.jpg,Isp 1 jb1 wide.jpg,Isp 1 jb1.jpg,https://drive.google.com/file/d/10rlDCMD4FE3Et703sB3Yz18cif6mrUmp/view?usp=drive_link,https://drive.google.com/file/d/1hCM_hkVUjo1-fmo8Yk9ghLs26nIjagxV/view?usp=drive_link,https://drive.google.com/file/d/10rlDCMD4FE3Et703sB3Yz18cif6mrUmp/view?usp=drive_link,,,,,,,,,,
,,,2,Depan Batu Alam,"-7.120044,110.410477 ",-,Jb 2 wide.jpg,Jb 2.jpg,-,https://drive.google.com/file/d/1CJxT4rHfm19AmoyAzhWmNT5kDUuY3tWM/view?usp=drive_link,https://drive.google.com/file/d/1DmE_wtzX-BC0sn_8ykvJTDJAN5LYZE0v/view?usp=drive_link,,Nomor,Nama Lokasi,Koordinat,Gambar ISP,Gambar Tiang Penuh,Gambar JB,Link ISP,Link Tiang,Link JB
,,,3,Depan Hotel Rahayu ,"-7.118952,110.411718",Isp2 jb 3.jpg,Isp2 jb 3 wide.jpg,Isp2 jb 3.jpg,https://drive.google.com/file/d/1gV43jX1zNU80q_v7Q0EUBihucwoXcbvJ/view?usp=drive_link,https://drive.google.com/file/d/1onH16yrNOIGoIqMySJzQ6ykyiEyoyl2Q/view?usp=drive_link,https://drive.google.com/file/d/1gV43jX1zNU80q_v7Q0EUBihucwoXcbvJ/view?usp=drive_link,,1,Depan Over O,"-7.148437,110.408003",Joint box 11 & isp 10.jpg,Joint box 11 & isp 10 wide.jpg,Joint box 11 & isp 10.jpg,https://drive.google.com/file/d/1uP7GPmujkF-ZDhXExeDpcg5d6lzOuxKu/view?usp=drive_link,https://drive.google.com/file/d/13klxjqlD7XnrTxHPhOSViKEw94zlIJoX/view?usp=drive_link,https://drive.google.com/file/d/1uP7GPmujkF-ZDhXExeDpcg5d6lzOuxKu/view?usp=drive_link
,,,4,Seberang Polres,"-7.117175,110.412770",Isp 3.jpg,Isp 3 wide.jpg,-,https://drive.google.com/file/d/1d0LhWlsjuyccF7wMaN229fpYzF4Kjsh7/view?usp=drive_link,https://drive.google.com/file/d/1VpS9weSazk_BMB3_fMvVdCkpe7oaMlEd/view?usp=drive_link,-,,2,Belakang Warung,"-7.148903,110.407680",-,Jb1 smada wide.jpg,Jb1 smada.jpg,-,https://drive.google.com/file/d/1VPSCbJKU9nPGg2va30QANj_XVHNhW6qr/view?usp=drive_link,https://drive.google.com/file/d/1kT9TQgKaGoryvfzm_m_Rh9ZAOCG_311Y/view?usp=drive_link
,,,5,Sebarang Halte,"-7.115577,110.413121",Isp 4 jb 4.jpg,Isp 4 jb 4 wide.jpg,Isp 4 jb 4.jpg,https://drive.google.com/file/d/1kuSW9XgI--3Y_nH2O6_AQqcNweW8az62/view?usp=drive_link,https://drive.google.com/file/d/1-NRPiJd8XbzBRqEWXCHksyR0xB5i5Gz5/view?usp=drive_link,https://drive.google.com/file/d/1kuSW9XgI--3Y_nH2O6_AQqcNweW8az62/view?usp=drive_link,,3,Disperindag,"-7.149422,110.406850",-,Jb2 smada wide.jpg,Jb2 smada.jpg,-,https://drive.google.com/file/d/1aQEZmuXefY7lBPeerjvO-v-sRfivb1R7/view?usp=drive_link,https://drive.google.com/file/d/1DdMBZjT_o1mjRIJRT1H7XL1b6sRZenNO/view?usp=drive_link
,,,6,Depan Pengadilan,"-7.112826,110.412389",Isp 5 only.jpg,Isp 5 only wide.jpg,-,https://drive.google.com/file/d/1BO6CTwfi-YqUbOh5egacFb7ew9MBvQUe/view?usp=drive_link,https://drive.google.com/file/d/1ztYrrI1QA8sLny8K0xTW_rICTUWQ5t9K/view?usp=drive_link,-,,,,,,,,,,
,,,7,Seberang Alfamart,"-7.112139,110.412285",-,Jb 5 wide.jpg,Jb 5.jpg,-,https://drive.google.com/file/d/1P2eP99wZMuA6kFnPDJ1f6Cm4sSsLElQH/view?usp=drive_link,https://drive.google.com/file/d/12GmGm2XQHWO3b3jq4d8Ojh0s92itjHhs/view?usp=drive_link,,,,,,,,,,
,,,8,Sebelah SS,"-7.111409,110.412291",Isp 6.jpg,Isp 6 wide.jpg,-,https://drive.google.com/file/d/11qkwkTxpcvToGf31Bzkg9DpqHUwsTbnj/view?usp=drive_link,https://drive.google.com/file/d/1ru9G44pr3aCKRgO1EAei_1aT8raZwcIh/view?usp=drive_link,-,,,,,,,,,,
,,,9,Taman Unyil,"-7.109933,110.412695",-,Jb 6 wide.jpg,Jb 6.jpg,-,https://drive.google.com/file/d/1uzfgja84Tb4iNVXv-WEiNna4vNI0-L9p/view?usp=drive_link,https://drive.google.com/file/d/11RumJQur2Qct6u773V4a6EpRWAVA9Lqo/view?usp=drive_link,,,,,,,,,,
,,,10,Taman Unyil,"-7.110288,110.412624",Isp 7.jpg,Isp 7 wide.jpg,-,https://drive.google.com/file/d/1CzIEJ1bK6keEWH-MLC3XLlxPqzu5c6fb/view?usp=drive_link,https://drive.google.com/file/d/159ki7JhlVuz38ewLA__OmOw4NwcmOtWS/view?usp=drive_link,-,,,,,,,,,,
,,,11,Taman Unyil,"-7.109102,110.412621",-,Jb 7 wide.jpg,Jb 7.jpg,-,https://drive.google.com/file/d/18u6PUXs90MC43jg5SWCGcgh4RRd0Wbw5/view?usp=drive_link,https://drive.google.com/file/d/1hSJ_Q13B2zJQLXBsy9My6V29pCqvumzE/view?usp=drive_link,,,,,,,,,,
,,,12,Depan PBR,"-7.108739,110.412700",Isp 8.jpg,Isp 8 wide.jpg,-,https://drive.google.com/file/d/11auuLJX6ThPSxzQPgwNM5LiygCZU0_Qh/view?usp=drive_link,https://drive.google.com/file/d/1fM3VLpDdv0MWxHX1-vGS4PaB4G0YEisG/view?usp=drive_link,-,,,,,,,,,,
,,,,,,,,,,,,,,,,,,,,,
,,,,,,,,,,,,,,,,,,,,,
,,,Nomor,Nama Lokasi,Koordinat,Gambar ISP,Gambar Tiang Penuh,JB,Link ISP,Link Tiang,Link JB,,,,,,,,,,
,,,1,Dishub,"-7.203589,110.423405",1 Isp dishub to kominfo.heic,1 tiang dishub to kominfo.heic,-,https://drive.google.com/file/d/1jTZE13RNYSjf6FQNFTU_rxOfXKPjPJm0/view?usp=drive_link,https://drive.google.com/file/d/1JGIJOJs8URqZ3FbGqvm9hS1_hqCdmrLV/view?usp=drive_link,-,,,,,,,,,,
,,,2,Bergas kidul,"-7.1989565,110.4236474",2 isp dishub to kominfo.heic,2 Tiang dishub to kominfo.heic,2 jb dishub to kominfo.heic,https://drive.google.com/file/d/1DtOOUwCPOGmJF2UqfcItFytjuOLiveTU/view?usp=drive_link,https://drive.google.com/file/d/1UTKcLEx_zT47MzENFVikbHGF5i6ysiUE/view?usp=drive_link,https://drive.google.com/file/d/1GqBLfYuPkWsI6Lck9be5XlKgSpgEAaIa/view?usp=drive_link,,,,,,,,,,
,,,3,Bergas kidul 2,"-7.1965179,110.4253154",3 isp dishub to kominfo.heic,3 tiang dishub kominfo.heic,-,https://drive.google.com/file/d/1Jvsk7IYH5YvDcGkkAEZFMcV4h9WOQf-0/view?usp=drive_link,https://drive.google.com/file/d/15dHzbXWcvhWq1B-AFmgDcTGnS6Yf-3k6/view?usp=drive_link,-,,,,,,,,,,
,,,4,Sosro,"-7.1924145,110.4257720",4 isp dishub to kominfo.heic,4 tiang dishub to kominfo.heic,4 jb dishub to kominfo.heic,https://drive.google.com/file/d/1G5oVcl_oJABEv_A_NYSzL_1qWk-YMzwU/view?usp=drive_link,https://drive.google.com/file/d/1dBON3q8LJw-gR4WZ6gRj62hGrkvMceom/view?usp=drive_link,https://drive.google.com/file/d/1agiN-Kro0ZHuX1wIHSGW7IosX7Gax3yc/view?usp=drive_link,,,,,,,,,,
,,,5,Sosro 2,"-7.1924145,110.4257720",5 isp dishub to kominfo.heic,5 tiang dishub to kominfo.heic,5 jb dishbu to kominfo.heic,https://drive.google.com/file/d/1vPFEt6F7gAgi0THC9ZtudDesA676kdXt/view?usp=drive_link,https://drive.google.com/file/d/1imz4krrtkqYC0cbNcd2yZx5fIqQSnKlj/view?usp=drive_link,https://drive.google.com/file/d/1LxLaGIH5xbG6fmedYyvabbwdsss6Lsrv/view?usp=drive_link,,,,,,,,,,
,,,6,Sman 1 bergas,"-7.1905957,110.4255681",6 isp dishub to kominfo.heic,6 tiang dishub to kominfo.heic,-,https://drive.google.com/file/d/18WQwv6KtOI-FldDlf4Tc-81VBEeXU_jn/view?usp=drive_link,https://drive.google.com/file/d/1b54eGhOiFT2VIQYZQkwgOJHLi53YM4MK/view?usp=drive_link,-,,,,,,,,,,
,,,7,Kantor kecamatan bergas,"-7.1892585,110.4260540",7 isp dishub to kominfo.heic,7 tiang dishub to kominfo.heic,-,https://drive.google.com/file/d/1fX0I2K9Rg-yqAXmbBvEdnXNnEq_fTPAG/view?usp=drive_link,https://drive.google.com/file/d/1ZdQSUPHVtULDFPKtqAY2Rolg4YqmtauZ/view?usp=drive_link,-,,,,,,,,,,
,,,8,Kantor kecamatan bergas 2,"-7.1889621,110.4262390",8 isp dishub to kominfo.heic,8 tiang dishub to kominfo.heic,8 jb dishub to kominfo.heic,https://drive.google.com/file/d/1sTUmZBzx-iSGgMTa4k5ay3aTAH993f83/view?usp=drive_link,https://drive.google.com/file/d/14IGEIGq7GN4hsRT2TNFiJLcy2pyEtNm6/view?usp=drive_link,https://drive.google.com/file/d/1s3uKPZeHPpdai6fyM1UMLleD5nUOJshE/view?usp=drive_link,,,,,,,,,,
,,,9,Polsek bergas,"-7.1858496,110.4273002",9 isp dishub to kominfo,9 tiang dishub to kominfo,9 jb dishub to kominfo,https://drive.google.com/file/d/1HDfoRZS9R6zTEtjmbm0jMEN3hisiDFmr/view?usp=drive_link,https://drive.google.com/file/d/1Vz3EBc7fynT0s8w7bvOSrs0T_c_zHD2-/view?usp=drive_link,https://drive.google.com/file/d/1CQRgyZEk8PIHTPLM1rs9e51UUNbX8S9C/view?usp=drive_link,,,,,,,,,,
,,,,,,,,,,,,,,,,,,,,,
,,,,,,,,,,,,,,,,,,,,,
,,,,,,,,,,,,,,,,,,,,,
,,,Nomor,Nama Lokasi,Koordinat,Gambar ISP,Gambar Tiang Penuh,Gambar JB,Link ISP,Link Tiang,Link JB,,,,,,,,,,
,,,1,Depan Pasar (menyusul),,,,,,,,,,,,,,,,,
,,,2,Area pasar (soon),,,,,,,,,,,,,,,,,
,,,3,Depan Kelurahan Karangjati,"-7.1828328, 110.4278407",,,,,,,,,,,,,,,,
,,,,,,,,,,,,,,,,,,,,,
,,,,,,,,,,,,,,,,,,,,,
,,,Nomor,Nama Lokasi,Koordinat,Gambar ISP,Gambar Tiang Penuh,Gambar JB,Link ISP,Link Tiang,Link JB,,,,,,,,,,
,,,1,Setelah jembatan kiri jalan,"-7.1352658, 110.4252077",isp 1.jpg,tiang 1.jpg,-,https://drive.google.com/file/d/13f_YbVdhVjkZcR4tuko_03cPcmWRbhoW/view?usp=drive_link,https://drive.google.com/file/d/11x8bG_xF_BXQIOQhJ43sCCwXWDUkvkXG/view?usp=drive_link,-,,Nomor,Nama Lokasi,Koordinat,Gambar ISP,Gambar Tiang Penuh,Gambar JB,Link ISP,Link Tiang,Link JB
,,,2,Depan mushola laidatul minal,"-7.1352511, 110.4253871",-,tiang 2.jpg,-,-,https://drive.google.com/file/d/15LQrJ7BmBs3Tqj4QnSZCIyagETGXm5Eo/view?usp=drive_link,-,,1,Smp islam ungaran,"-7.1273619,110.4025578",1 isp alun lama kecamatan ungaran barat.heic,1 tiang alun lama kecamatan ungaran barat.heic,1 jb alun lama kecamatan ungaran barat.heic,https://drive.google.com/file/d/1zUOiCojDPJLavSa64JS2FKknHeMPZ23j/view?usp=drive_link,https://drive.google.com/file/d/1qNMWhdxQTP9fNLoqXhrR6iwwMTahB465/view?usp=drive_link,https://drive.google.com/file/d/1or1lt9wpwzPZcri029KQBj2xBKJ9Yn8f/view?usp=drive_link
,,,3,Depan gang kalirejo rt 3/2,"-7.1351676, 110.4256268",isp 3.jpg,tiang 3.jpg,-,https://drive.google.com/file/d/1BWbDf4lxlRAdt47HGU4RFWlJp0eyBSCW/view?usp=drive_link,https://drive.google.com/file/d/1uQBWOWjqu7hEZfxWJ0iwRabPzLzM0fMe/view?usp=drive_link,-,,2,Bendari,"-7.1273798,110.4021494",2 isp alun lama kecamatan ungaran barat.heic,2 tiang alun lama kecamatan ungaran barat .heic,-,https://drive.google.com/file/d/1QSizztsMaAz1kChoRsXitJAsDrHesNRD/view?usp=drive_link,https://drive.google.com/file/d/1fdS89-ysdkvLfy9S3ldSfc1GcV4IYtrI/view?usp=drive_link,-
,,,4,Depan pom unyil kalirejo,"-7.1349201, 110.4261867",isp 4.jpg,tiang 4.jpg,-,https://drive.google.com/file/d/1ZjkN3Gkyfu5ieKBTNNrEEUpuunm3vAZz/view?usp=drive_link,https://drive.google.com/file/d/1Z3PZNjNbnkFQjBbwACfRMmFY1W71301m/view?usp=drive_link,-,,3,Kostel 8000,"-7.1275292,110.4016023",3 isp alun lama kecamatan ungaran barat.heic,3 tiang alun lama kecamatan ungaran barat.heic,-,https://drive.google.com/file/d/1geR2_w6dlqJz8jdIZXN4cXjVJlfZsi90/view?usp=drive_link,https://drive.google.com/file/d/11szHHplJo8EDMVS1etugLU1uGuPpir7B/view?usp=drive_link,-
,,,5,Depan bengkel shock kalirejo,"-7.1359145, 110.4274752",isp 5.jpg,tiang 5.jpg,-,https://drive.google.com/file/d/1qXSxrXI7GjnqC5it725zUwN9q-YhbR5h/view?usp=drive_link,https://drive.google.com/file/d/12QJfjDW6i0_Rnn44pHgJgiH1686G7bLD/view?usp=drive_link,-,,4,Sebrang sidqi drp,"-7.1274524,110.4001304",4 isp alun lama kecamatan ungaran barat.heic,4 tiang alun lama kecamatan ungaran barat.heic,-,https://drive.google.com/file/d/1JErWarUIUvem1lYjSIe_ezwEwaPtdLQ1/view?usp=drive_link,https://drive.google.com/file/d/1rarEtowCwEXdjDZ4BRtjRExSt2dZhmZ_/view?usp=drive_link,-
,,,6,Depan toko mur & baut,"-7.1366886, 110.4277756",-,tiang 6.jpg,-,-,https://drive.google.com/file/d/1IaK-Iw_yVZUfyxnchZb_RflBGFf6tMny/view?usp=drive_link,-,,5,Gapura desa lerep,"-7.1273359,110.3999467",5 isp alun lama kecamatan ungaran barat.heic,5 tiang alun lama kecamatan ungaran barat.heic,2 jb alun lama kecamatan ungaran barat.heic,https://drive.google.com/file/d/15y2rDrgO-pZgp5qt6AW98nS6ncaWMwxh/view?usp=drive_link,https://drive.google.com/file/d/1gS8e83OgsO83DtcUsj9ukhhYNJjzhS-F/view?usp=drive_link,https://drive.google.com/file/d/1ns7hmHvr0hghZrwhhbZekPlSYfI0rrYX/view?usp=drive_link
,,,7,Depan bengkel karya mandiri,"-7.1376042, 110.4285947",-,tiang 7.jpg,jb 7.jpg,-,https://drive.google.com/file/d/1_eW0aexsDcCgDNLqeftCUc2hVF4izQvM/view?usp=drive_link,https://drive.google.com/file/d/1Kad8N8UQX_ZBCbk1MoMB-Ph1sFQZHw0a/view?usp=drive_link,,6,Nu karang bolo,"-7.1270761,110.3994521",-,6 tiang alun lama kecamatan ungaran barat.heic,3 jb alun lama kecamatan ungaran barat.heic,-,https://drive.google.com/file/d/1Ahbq3yV5l8oINGBy8hMJBkq_wn3-gsno/view?usp=drive_link,https://drive.google.com/file/d/1xcgwoBzWivUmaRuXSwCh1jmjElgrAvKs/view?usp=drive_link
,,,8,Depan mushola al-aziz,"-7.1375047, 110.4366869",isp 8.jpg,tiang 8.jpg,-,https://drive.google.com/file/d/18EGYNpJUDdn7nvHKA31T78MQaXRHrNc1/view?usp=drive_link,https://drive.google.com/file/d/1K9UVli353O91RhAc9Oq7489GJKQosQdC/view?usp=drive_link,-,,7,Dusun karang bolo,"-7.1271353,110.3981613",-,7 tiang alun lama kecamatan ungaran barat.heic,4 jb alun lama kecamatan ungaran barat.heic,-,https://drive.google.com/file/d/1hEnZF-zP2mNKudWuUdYnEwGttzTIoAL2/view?usp=drive_link,https://drive.google.com/file/d/15xftcFkp33YMSU60tVZ-ksscHxg8NveP/view?usp=drive_link
,,,9,Depan kebon,"-7.1378440, 110.4352050",isp 9.jpg,tiang 9.jpg,jb 9.jpg,https://drive.google.com/file/d/10SbfRoILr2EgDvaGqHMuePeel7ymvFrU/view?usp=drive_link,https://drive.google.com/file/d/1ljIikbCH51WIStrIVoQq0rKNyVKNn33e/view?usp=drive_link,https://drive.google.com/file/d/1q-XQcHzpPxJJeBNbmk9Ojuy7mbfCyP1Z/view?usp=drive_link,,8,Oyo (Langganan Hassan),"-7.1279457,110.3971156",6 isp alun lama kecamatan ungaran barat.heic,9 tiang alun lama kecamatan ungaran barat.heic,-,https://drive.google.com/file/d/1iweId3VBKBzVf7qPZYNmSZCNvxXemFxX/view?usp=drive_link,https://drive.google.com/file/d/11ZgnY_h3NbZ4fpszdJnUceeTbWXN7yhN/view?usp=drive_link,-
,,,10,Depan bengkel usaha karya motor,"-7.1386877, 110.4340245",isp 10.jpg,tiang 10.jpg,-,https://drive.google.com/file/d/12cGoqzJSgBlb09f6gSGhc7bvZuyv5kSw/view?usp=drive_link,https://drive.google.com/file/d/1Tp35j1CZhuzp2OUqjgDnME-SONy94wW8/view?usp=drive_link,-,,9,Warung gunung ,"-7.1283353,110.3960977",7 isp alun lama kecamatan ungaran barat.heic,10 tiang alun lama kecamatan ungaran barat.heic,-,https://drive.google.com/file/d/1jBW5iQO3UVIytGFgu8qvbRRog27MBCR0/view?usp=drive_link,https://drive.google.com/file/d/1p1wBsmHEYNtHwG3-54d3wSOZDf_JD1XF/view?usp=drive_link,-
,,,11,Seberang SD Al-Madinah ,"-7.1386474, 110.4330005",-,tiang 11.jpg,jb 11.jpg,-,https://drive.google.com/file/d/1M7au27Xe_KjMq3lU9kMwXB2PzggXOtux/view?usp=drive_link,https://drive.google.com/file/d/1cNd_cPmz3l7yxZYJ9lVyZO1jMx28OJqm/view?usp=drive_link,,10,Warung bu asih ,"-7.1291361,110.3940975",8 isp alun lama kecamatan ungaran barat.heic,11 tiang alun lama kecamatan ungaran barat.heic,-,https://drive.google.com/file/d/1q6pESL6656c7aoiKQmQxIJW5Vx1-FiNf/view?usp=drive_link,https://drive.google.com/file/d/1a-RnVqWnJhTiJCrmR5iKsBx_fd2U3uLI/view?usp=drive_link,-
,,,12,Depan kevin cell 2,"-7.1386012, 110.4321768",isp 12.jpg,tiang 12.jpg,-,https://drive.google.com/file/d/1BS8dQAp6nhpQ6Cr1bQrPrVPhu53r6FPl/view?usp=drive_link,https://drive.google.com/file/d/1Btlh_fPWFcSfsInt0KsQPrcs2ahUPjTv/view?usp=drive_link,-,,11,Sebrang masjid al hikmah ,"-7.1291015,110.3928700",9 alun lama kecamatan ungaran barat.heic,12 tiang alun lama kecamatan ungaran barat.heic,5 jb alun lama kecamatan ungaran barat.heic,https://drive.google.com/file/d/1oNPF30Uf8oObkl95gdwbuo-Dy3WjlfYd/view?usp=drive_link,https://drive.google.com/file/d/1MEvAHbHMA_tL-laCnf90frio-G21pxhF/view?usp=drive_link,https://drive.google.com/file/d/1Y_nR88-POte-wZH_09aPpqKAsY2n7d_A/view?usp=drive_link
,,,13,Depan pinusian park,"-7.1385539, 110.4309413",-,tiang 13.jpg,jb 13.jpg,-,https://drive.google.com/file/d/1fcAwGxkYfxB73GrnJeMsQQzmncNMJCW1/view?usp=drive_link,https://drive.google.com/file/d/1-mzFzkOSvAAbcsgyYHoGgrnR6wd4aHQ7/view?usp=drive_link,,12,Berkah bensin,"-7.1291258,110.3917391",-,13 tiang alun lama kecamatan ungaran barat.heic,-,-,https://drive.google.com/file/d/14rrSHyVHeIVbT_Zih1tL3e1n22lH5zTs/view?usp=drive_link,-
,,,14,Depan telur asin kalirejo,"-7.1385955, 110.4292019",isp 14.jpg,tiang 14.jpg,jb 14.jpg,https://drive.google.com/file/d/1OYLpSjgxI43RB6acm3vhPL-SzEVgoFnj/view?usp=drive_link,https://drive.google.com/file/d/1NF36HCS84nKvAwmp6Y3XVc36MJvdYxet/view?usp=drive_link,https://drive.google.com/file/d/1ukAYk5LCVS53CIYXrsmjKkDKtaMj1GWw/view?usp=drive_link,,13,Dugampat ,"-7.1293893,110.3910193",-,14 tiang alun lama kecamatan ungaran barat.heic,-,-,https://drive.google.com/file/d/1KBc4XMhKpb-4QtMSl3j6onCTE9U04FFk/view?usp=drive_link,-
,,,15,Depan kebon,"-7.1384448, 110.4290262",-,tiang 15.jpg,jb 15.jpg,-,https://drive.google.com/file/d/1pmH-0thjAjYaDqNsvUiG2VSxVFCZXrJz/view?usp=drive_link,https://drive.google.com/file/d/1B14EH-wIXA_zXFRxzHVuHbazlRIfbEBW/view?usp=drive_link,,14,Dekat pemakaman dusun soka ,"-7.1297519, 110.3897848",-,15 tiang alun lama kecamatan ungaran barat.heic,-,-,https://drive.google.com/file/d/1UiPpqB2KsAT8Bh2Q-7Eaeq8eaGtn8P7x/view?usp=drive_link,-
,,,16,Pertigaan darwati,"-7.1367069, 110.4275530",isp 16.jpg,tiang 16.jpg,-,https://drive.google.com/file/d/1L5gidXiJMQObzc6uQrhW4L4riMgPM0t6/view?usp=drive_link,https://drive.google.com/file/d/17Nw8sgPz1NrMzaaDZlvJA5vza8te1kur/view?usp=drive_link,-,,15,Watu gunung,"-7.1295682,110.3886274",10 isp alun alun lama to kecamatan ungaran barat.jpg,16 tiang alun lama kecamatan ungaran barat.heic,7 jb alun alun lama to kecamatan ungaran barat.jpg,https://drive.google.com/file/d/1PeUAX4nV3bqNmg-00BHJa_5TZ-QJNe_r/view?usp=drive_link,https://drive.google.com/file/d/1gSn2g9fkP1Jy7r7FfQaOTCC0W0kLb0ON/view?usp=drive_link,https://drive.google.com/file/d/1EfFlBYKxWwHbtSIycZxG5zU4sjTglYe3/view?usp=drive_link
,,,17,Seberang Mushola Laidatul Minal,"-7.1352824, 110.4255242",isp 17.jpg,tiang 17.jpg,-,https://drive.google.com/file/d/1eSBt2FcNDInQGv1OC_PTOc2VYorxCUxW/view?usp=drive_link,https://drive.google.com/file/d/1VVjN_ym6n89cBWzhNii-tLhzQaNjW_4A/view?usp=drive_link,-,,16,Kantor kecamatan ungaran barat ,"-7.1291946,110.3867070",11 isp alun lama kecamatan ungaran barat.heic,17 tiang alun lama kecamatan ungaran barat.heic,8jb alun alun lama to kecamatan ungaran barat.png,https://drive.google.com/file/d/1chUvOYxcgc_uvOtGKb5BPXnLfCTEg5-M/view?usp=drive_link,https://drive.google.com/file/d/1MkNpcBhXXV4eyF_AwTLMmM9rzuXpNHzn/view?usp=drive_link,https://drive.google.com/file/d/1IJoSvA2sohAQXEsCUINiKzAkNkib4bvq/view?usp=drive_link
,,,18,Sebelah FC Nggateli,"-7.1353542, 110.4253817",isp 18.jpg,tiang 18.jpg,-,https://drive.google.com/file/d/1UqnLdy4K0WwVjbEIl2txc8flTVXOSFpf/view?usp=drive_link,https://drive.google.com/file/d/11gfPM-TiOjqu_7qmT8NLdMZ1UJFvWjB4/view?usp=drive_link,-,,,,,,,,,,
,,,,,,,,,,,,,,,,,,,,,
,,,,,,,,,,,,,,,,,,,,,
,,,,,,,,,,,,,Nomor,Nama Lokasi,Koordinat,Gambar ISP,Gambar Tiang Penuh,Gambar JB,Link ISP,Link Tiang,Link JB
,,,Nomor,Nama Lokasi,Koordinat,Gambar ISP,Gambar Tiang Penuh,Gambar JB,Link ISP,Link Tiang,Link JB,,1,RSUD gondo Suwarno," -7.1391235,110.4052917",1 isp rsud masuk to terminal.heic,1 tiang rsud masuk to terminal.heic,1 jb rsud masuk to terminal.heic,https://drive.google.com/file/d/1GjRW6RIzBwCMoLctkax9c6Idv-AjfQAX/view?usp=drive_link,https://drive.google.com/file/d/12gjIyZ-Z7b5LJd6Bo7haCoCyodaYcwzD/view?usp=drive_link,https://drive.google.com/file/d/1OXv3c1tlw-VbDXwDkVHgQFj5dWEETcWE/view?usp=drive_link
,,,1,Depan polsek bergas,"-7.1858053,110.4274303",1 isp polsek bergas masuk to ngempun.heic,1 tiang polsek bergas masuk to ngempun.heic,1 jb polsek bergas masuk to ngempun .heic,https://drive.google.com/file/d/11z1Oa_-QZPmagsKbSYtRyhjg9RtZ_isM/view?usp=drive_link,https://drive.google.com/file/d/15kSOADtKZXpMJGJYLv3i4I-iYRZYjFcz/view?usp=drive_link,https://drive.google.com/file/d/1JM952KeMhrlBocOpgzLGehiXXAF5hOCX/view?usp=drive_link,,2,Watu lumpang,"-7.1387173,110.4040106",-,2 tiang rsud masuk to terminal.heic,2 jb rsud masuk to terminal.heic,-,https://drive.google.com/file/d/1xSgi19_JmalKlbB2mC5Troddttl4atQ2/view?usp=drive_link,https://drive.google.com/file/d/17FcKFukWlm81gQkCL-Lg5Yy9DloiMQJs/view?usp=drive_link
,,,2,Bakso simpatik," -7.1859207,110.4281813",2 isp polsek bergas masuk to ngempun.heic,2 tiang polsek bergas masuk to ngempun.heic,-,https://drive.google.com/file/d/1zN_0ucwS-8cETuVHmj7XrHV0UgzoSkeY/view?usp=drive_link,https://drive.google.com/file/d/1qO39A09Mfya5b9MWz6_ANAgRjoqmhG1b/view?usp=drive_link,-,,3,Baznas,"-7.1378038,110.4036072",2 isp rsud masuk to terminal.heic,3 tiang rsud masuk terminal.heic,-,https://drive.google.com/file/d/1pc0tecmlBcwHM3vCwLheSgh9CoBoiwdb/view?usp=drive_link,https://drive.google.com/file/d/1MVOwWNUloRj_pnPAhJbLi_8oqjV9-TtP/view?usp=sharing,-
,,,3,Goo apotek," -7.1860362,110.4290024",3 isp polsek bergas masuk to ngempun.heic,3 tiang polsek bergas masuk to ngempun.heic,2 jb polsek bergas masuk to ngempun.heic,https://drive.google.com/file/d/1LB8pZozojmWGYm1hjVNRCNl7DR1InQAF/view?usp=drive_link,https://drive.google.com/file/d/1E2FJ9ddqsakNrjQ_qdUPIZYNxfDjpUTS/view?usp=drive_link,https://drive.google.com/file/d/1PkdoP5IVFG9Brso-Hf0iWNk-4aJlFP1d/view?usp=drive_link,,4,Warnet dester,"-7.1366823,110.4034815",3 isp rsud masuk to terminal.heic,4 tiang rsud to terminal.heic,-,https://drive.google.com/file/d/1cXmWwethSl9XxlSojebdDD9QtjwQAH1q/view?usp=drive_link,https://drive.google.com/file/d/1dEoH-OM1I2d6-Uya3lNu69NtV-y1H1kX/view?usp=drive_link,-
,,,4,Fotokopi anugrah,"-7.1861010,110.4296297",4 isp polsek bergas masuk to ngempun.heic,4 tiang polsek bergas masuk to ngempun.heic,-,https://drive.google.com/file/d/1cxpiGwMGQaWiNVnvpvf6Al87KpaCJG4m/view?usp=drive_link,https://drive.google.com/file/d/1AHez06_UoDxpfGTc8pW9yKl0gnGxNiUm/view?usp=drive_link,-,,5,Dpd geram,"-7.1359438,110.4034151",-,5 tiang rsud masuk to terminal.heic,3 jb rsud masuk to terminal.heic,-,https://drive.google.com/file/d/1-CO5hYm6QprsjUOxDODgexk0Y-ZNixCd/view?usp=drive_link,https://drive.google.com/file/d/1GzuWiT-sRy6eatWiDILFvvpZXnRLUhRg/view?usp=drive_link
,,,5,Prima freshmart," -7.1861918,110.4303079",5 isp polsek bergas masuk to ngempun.heic,5 tiang polsek bergas masuk to ngempun.heic,3 jb polsek bergas masuk to ngempun.heic,https://drive.google.com/file/d/1T7COBAbwxCZ1CW89k0yt-fM_Y9F7Bsra/view?usp=drive_link,https://drive.google.com/file/d/16_H8DYmmF4r2OvW-Ow-ADGePyPDaeTbh/view?usp=drive_link,https://drive.google.com/file/d/1YYnU6iLQPrX6vdItg1rby4Lw-dviguw8/view?usp=drive_link,,6,Belakang istiqomah,"-71341280,110.4031660
",4 isp rsud masuk to terminal.heic,6 tiang rsud masuk to terminal.heic,-,https://drive.google.com/file/d/1CXtapeqKHIbHj0FSMJbuK4_l-toxtBpv/view?usp=drive_link,https://drive.google.com/file/d/1dsdptkQ_ZexI-QZ9RWrH6MauR1QJeVxW/view?usp=drive_link,-
,,,6,Toserba,"-7.1862141,110.4307877",6 isp polsek bergas masuk to ngempun.heic,6 tiang polsek bergas masuk to ngempun.heic,-,https://drive.google.com/file/d/1VvC8vqwLITMIatjeTEDR3LjskxhUwbAR/view?usp=drive_link,https://drive.google.com/file/d/1RmedYt5AQimI0I0sdErWcVJ7e1W1g1kr/view?usp=drive_link,-,,7,Lampu merah ungaran square,"-7.1334383,110.4027429
",-,7 tiang rsud masuk to terminal.heic,4 jb rsud masuk to terminal.heic,-,https://drive.google.com/file/d/1EhoPs9hwxwY4EzTjsA8kRXUT8a9Rdeav/view?usp=drive_link,https://drive.google.com/file/d/1PJ3IQTgsRBTSjJp2Apx6uRkgz1F67fLs/view?usp=drive_link
,,,7,Puskeswan,"-7.1862511,110.4316172",7 isp polsek bergas masuk to ngempun.heic,7 tiang polsek bergas masuk to ngempun.heic,4 jb polsek bergas masuk to ngempun.heic,https://drive.google.com/file/d/1YYa0cstCbO5bTvLunTWiVrA64nQBPQ9j/view?usp=drive_link,https://drive.google.com/file/d/1LkO0zlYDEKlf0Tpv_WLMi0NuZ4Z962Ej/view?usp=drive_link,https://drive.google.com/file/d/1rl29wnM-csSvtEpeCf3KExIPdGlqulkm/view?usp=drive_link,,8,Depan klinik rahayu," -7.1315953,110.4029213",5 isp rsud masuk to terminal.heic,8 tiang rsud masuk to terminal.heic,-,https://drive.google.com/file/d/1SIXlOtdl6ac6gyfxMmigOE9Bi0tCQ_kN/view?usp=drive_link,https://drive.google.com/file/d/1CW0LPiuW8bF4mTLONyjOevmedYUqzEEf/view?usp=drive_link,-
,,,8,Pt kamaltex,"-7.1862454,110.4318841",8 isp polsek bergas masuk to ngempun.heic,8 tiang polsek bergas masuk to ngempun.heic,5 jb polsek bergas masuk to ngempun.heic,https://drive.google.com/file/d/1nioLm-COcM9RDy48N86XoCBjkewf6_6Q/view?usp=drive_link,https://drive.google.com/file/d/1a7qpjOUos9XhGHzyPYIzZtBEzRaHdwXt/view?usp=drive_link,https://drive.google.com/file/d/1YRSxa9rXsnaaUs3nobOLxFbCcLQ0CzpO/view?usp=drive_link,,9,Depan kopi tarik,"-7.1313431,110.4030547",-,9 tiang rsud masuk to terminal.heic,5 jb rsud masuk to terminal.heic,-,https://drive.google.com/file/d/1Q_sfFNWwtMmVz0xGWH_ZvxOoLh5x8hGV/view?usp=drive_link,https://drive.google.com/file/d/17b7jEmFuCc7bAXgK65DiyEUpQWSMJtmN/view?usp=drive_link
,,,9,F2 celullar,"-7.1864220,110.4337858",9 isp polsek bergas masuk to ngempun.heic,9 tiang polsek bergas masuk to ngempun.heic,,https://drive.google.com/file/d/1ZSOrqxySZE-dNF_9QBq16BHtkTm4NT45/view?usp=drive_link,https://drive.google.com/file/d/1uog0ryTisDhUBKE-KPt7gB--qayZfZvc/view?usp=drive_link,,,10,Belakang polsek," -7.1300490,110.4028860",6 isp rsud masuk to terminal.heic,10 tiang rsud masuk to terminal.heic,6 jb rsud masuk to terminal.heic,https://drive.google.com/file/d/1g3qB31YTRcxTNUDqy8c3ChfFXYF8yHEf/view?usp=drive_link,https://drive.google.com/file/d/12T7i7JNrKz9DJLlPQz1xOjh4XampXuj6/view?usp=drive_link,https://drive.google.com/file/d/1BV0tuegXOwaWSLCXcf_o9TIrE6QV9tD8/view?usp=drive_link
,,,10,Sayur segar berkah abadi," -7.1862254,110.4351054",-,10 tiang polsek bergas masuk to ngempun.heic,6 jb polsek bergas masuk to ngempun.heic,-,https://drive.google.com/file/d/1I2MXUXReny7axxpD3O_myyAtXoXP-BUR/view?usp=drive_link,https://drive.google.com/file/d/1_cgGhWuC1iYYPNFKnclcNcLa841J1Wky/view?usp=drive_link,,11,Belakang kantor bupati,"-7.1293733,110.4029514",7 isp rsud masuk to terminal.heic,11 tiang rsud masuk to terminal.heic,-,https://drive.google.com/file/d/1Gvudh45UpFzDJtP1yN8CdzFsoZ0NBtRj/view?usp=drive_link,https://drive.google.com/file/d/1QoIZuQhlVg-mMPVHocW_vE0959QrYy8n/view?usp=drive_link,-
,,,11,Mas budi,"-71858219,110.4368589",-,11 tiang polsek bergas masuk to ngempun.heic,7 jb polsek bergas masuk to ngempun.heic,-,https://drive.google.com/file/d/1fROZt_qB1gtdCHgPoQdVc0hlCVHcvtcP/view?usp=sharing,https://drive.google.com/file/d/1uPeTeYhmr0rMc9tdRpMe4qhRSTN5rk6p/view?usp=drive_link,,12,Depan perpusda,"-7.1269354,110.4035895",8 isp rsud masuk to terminal.heic,12 tiang rsud masuk to terminal.heic,-,https://drive.google.com/file/d/1_KOoblvJpVa9WwjBG8GoC3Ny8hOreyw_/view?usp=drive_link,https://drive.google.com/file/d/1i0Wn1IbRSyeiTPI7mdVZhH9Ii_YTpy9x/view?usp=drive_link,-
,,,12,Kantor spx,"-7.1854989,110.4381786",10 isp polsek bergas masuk to ngempun.heic,12 tiang polsek bergas masuk to ngempun.heic,-,https://drive.google.com/file/d/10MVmvNUwKEaXwWAjEgdDAfsWmn-ZynIT/view?usp=drive_link,https://drive.google.com/file/d/1daPexnlZaGJkOVJLMWpVZN4qDF6GHHk0/view?usp=drive_link,-,,13,Al manshur,"-7.1261659,110.4036746",-,13 tiang rsud masuk to terminal.heic,7 jb rsud masuk to terminal.heic,-,https://drive.google.com/file/d/1vCkYxv_7c59NrfaN9KBC5xriTD2Ij8qP/view?usp=drive_link,https://drive.google.com/file/d/1oPmd7Y0noGzuOcrTspa-UJ18Vl3g_g8X/view?usp=drive_link
,,,13,Bebek goreng tiara,"-7.1852481,110.4392618
",11 isp polsek bergas masuk to ngempun.heic,13 tiang polsek bergas masuk to ngempun.heic,-,https://drive.google.com/file/d/1GjquP-Gdqi9pKhNy3ojZSf3y9gaMor36/view?usp=drive_link,https://drive.google.com/file/d/1xepRceQ__9md8Xje7yuuOSMjUrrs8JaB/view?usp=drive_link,-,,14,Depan indomaret kluwihan,"-7.1252972,110.4037799",9 isp rsud masuk to terminal.heic,14 tiang rsud masuk to terminal.heic,-,https://drive.google.com/file/d/1iJtDwH-cavRFHrIgn7mhUdxvvXASj82c/view?usp=drive_link,https://drive.google.com/file/d/1_7HV-TXTY4Mzu-sFTnmVEuCkAnyOxVzH/view?usp=drive_link,-
,,,14,Sd ngempon 2,"-7.1851826,110.4395421
",,14 tiang polsek bergas masuk to ngempun.heic,8 jb polsek bergas masuk to ngempun.heic,-,https://drive.google.com/file/d/1Nsk14qAWv0-17Wco7t0kj2Jhjye4hoe7/view?usp=drive_link,https://drive.google.com/file/d/1mdc4017nuR8paHImpVUndiVOqOePfJYy/view?usp=drive_link,,15,Depan toko fajar kencana,"-7.1237772,110.4037112",10 isp rsud masuk to terminal.heic,15 tiang rsud to terminal.heic,-,https://drive.google.com/file/d/1ndhVNdeSkxxbwM9nWpC7rKAXlxHze5De/view?usp=drive_link,https://drive.google.com/file/d/1Y5B0SjfdqmRde1mJe2saWD2ejB-KPeqd/view?usp=drive_link,-
,,,15,Lapangan kel ngempon,"-7.1847625,110.4400766",12 isp polsek bergas masuk to ngempun.heic,15 tiang polsek bergas masuk to ngempun.heic,-,https://drive.google.com/file/d/17XESnSgfisnD3XyBleTqE2orsWTFclXA/view?usp=drive_link,https://drive.google.com/file/d/16jNqQfNyt9RfWKqNFtMJ4H0_JwqZYh6B/view?usp=drive_link,-,,16,Depan terminal ungaran,"-7.1204609,110.4038218",-,16 tiang rsud masuk to terminal.heic,8 jb rsud masuk to terminal.heic,-,https://drive.google.com/file/d/1msy7iBsOmqFFIpPt_6v0pamxVINGbs8_/view?usp=drive_link,https://drive.google.com/file/d/1vcr4YcF1ztkorrfSDPmE7BDmgsonkRxM/view?usp=drive_link
,,,16,Kantor kelurahan ngempon,"-7.1843666,110.4401342",,16 tiang polsek bergas masuk to ngempun.heic,9 jb polsek bergas masuk to ngempun.heic,-,https://drive.google.com/file/d/1YF2Dc0iIWt7KtTPftEqv0pJBAj9gYykl/view?usp=drive_link,https://drive.google.com/file/d/1hYwa5ymrkuX3p4GohDHLzKtfoNdL4HNZ/view?usp=drive_link,,,,,,,,,,
,,,,,,,,,,,,,,,,,,,,,
,,,,,,,,,,,,,Nomor,Nama Lokasi,Koordinat,Gambar ISP,Gambar Tiang Penuh,Joint Box,Link ISP,Link Tiang,Link JB
,,,,,,,,,,,,,1,Kalongan," -7.1346886,110.4373930",1 isp leyangan to jembatan .heic,1 tiang leyangan to jembatan .heic,1 jb leyangan to jembatan .heic,https://drive.google.com/file/d/1BENiFUbMucjDhrZW5ae9Q194fh5zthau/view?usp=drive_link,https://drive.google.com/file/d/195t6XOZ15xE79T0cmvmsAu30-9JMxid8/view?usp=drive_link,https://drive.google.com/file/d/1XMqJDaS0MJ30WuAxpmSp2KpwkXLositU/view?usp=drive_link
,,,Nomor,Nama Lokasi,Koordinat,Gambar ISP,Gambar Tiang Penuh,Gambar JB,Link ISP,Link Tiang,Link JB,,2,Pertigaan Kalongan,"-7.1340298,110.4377618",2 isp leyangan to jembatan .heic,2 tiang leyangan to jembatan .heic,-,https://drive.google.com/file/d/1DMtHe4rDZIxlXk1XyB5ishevwwJyfg_K/view?usp=sharing,https://drive.google.com/file/d/1lq7GLExzsqWIWcGsWQ5TnKUzxepFbNpG/view?usp=drive_link,-
,,,1,Depan TB Baja Ringan,"-7.185571,110.427265",-,Tiang 1.jpg,-,-,https://drive.google.com/file/d/1t65-eeQYMiZyLZlx5gW0DaseYXJ3NuHI/view?usp=drive_link,-,,3,Kalongan notaris-ppat,"-7.1326715,110.4383744",3 isp leyangan to jembatan .heic,3 tiang leyangan to jembatan .heic,2 jb leyangan to jembatan .heic,https://drive.google.com/file/d/1nERm5UD6OZErGs2AwBlI9jZx1ee2xPta/view?usp=drive_link,https://drive.google.com/file/d/1cZIywqh7wsgQSEOxLhKDxxUN2Bh5NewA/view?usp=drive_link,https://drive.google.com/file/d/1PsjL_gJQ_UFWyA8zn4yvLL8tojVq6tVQ/view?usp=drive_link
,,,2,Depan TB Brahma,"-7.184334,110.426450",2 isp.jpg,tiang 2.jpg,-,https://drive.google.com/file/d/1UoJTXeV1ZVjAsn2h0mie7f9Ljn5bFoGH/view?usp=drive_link,https://drive.google.com/file/d/1tpSWxkKgwWAmBXKZ9V7m6DCcpmN9xU3I/view?usp=drive_link,-,,,,,,,,,,
,,,3,Depan BNI Karangjati,"-7.183867,110.426129",-,tiang 3.jpg,jb 3.jpg,-,https://drive.google.com/file/d/1sb5J2RD_WpksJdJtW2Jn8TJ2Bq9hyi-B/view?usp=drive_link,https://drive.google.com/file/d/1Vv02oalL4kJWaR2RMsBOrQKNYjfSfcpD/view?usp=drive_link,,,,,,,,,,
,,,4,Depan BPSIP Jateng,"-7.182507,110.425090",-,tiang 4.jpg,jb 4.jpg,-,https://drive.google.com/file/d/1G5lfKK0ADTpRBWm2Gols1A-ZiLKrNgLe/view?usp=drive_link,https://drive.google.com/file/d/12eKLSsyu-AmxdJ7SHOjgsqV8x2Xfr3EN/view?usp=drive_link,,,,,,,,,,
,,,5,Seberang Alfamart Karangjati 2,"-7.181619,110.424337",5 isp.jpg,tiang 5.jpg,jb 5.jpg,https://drive.google.com/file/d/1EMW3OgEkpnV9g91oEceUNAZUlD4X9E6G/view?usp=drive_link,https://drive.google.com/file/d/1SXT96awCwoSCLv7kA57yyi_AHUqT9Ovs/view?usp=drive_link,https://drive.google.com/file/d/1Y--CRkeIQKo51kiIbIakkZXTeK0Asm9w/view?usp=drive_link,,,,,,,,,,
,,,6,Seberang Halte Lemah Abang,"-7.179203,110.421627",-,tiang 6.jpg,-,-,https://drive.google.com/file/d/1bBYOVClMh-op3Vrb3yf2EGCA7ziPTIz5/view?usp=drive_link,-,,,,,,,,,,
,,,7,Depan BPJS Ketenagakerjaan,"-7.178669,110.420817",-,tiang 7.jpg,jb 7.jpg,-,https://drive.google.com/file/d/17e87MGpfuXxD-ZfwbEVNPHfKJepAA8Gh/view?usp=drive_link,https://drive.google.com/file/d/1MwAt49kbB-SC16bBU-qEjvBr9aJ3zRB8/view?usp=drive_link,,,,,,,,,,
,,,8,Seberang CV Jangkar Food,"-7.178167,110.419938",-,tiang 8.jpg,jb 8.jpg,-,https://drive.google.com/file/d/1y3gVv2kIkqNGGrWqdvoZplecXtuAsgPm/view?usp=drive_link,https://drive.google.com/file/d/1TtI87t2Z2KYkzNOQWt91860hTPe7-6RK/view?usp=drive_link,,,,,,,,,,
,,,9,Sebelah Monumen Lemah Abang,"-7.177421,110.418779",-,tiang 9.jpg,-,-,https://drive.google.com/file/d/1yIloXfUpoDxEWXImjU-9nY4R3bgZZHRi/view?usp=drive_link,-,,,,,,,,,,
,,,10,Seberang Tulisan BANDUNGAN,"-7.177227,110.418438",-,tiang 10.jpg,jb 10.jpg,-,https://drive.google.com/file/d/1WAxSCMEVxJB1TyzViPa7wd9ahzDynd3C/view?usp=drive_link,https://drive.google.com/file/d/1zicLNzrPzEyGZzjOonRis_eZp4F3_BRc/view?usp=drive_link,,,,,,,,,,
,,,11,Seberang PT Kepuh Kencana,"-7.176305, 110.4175",-,tiang 11.jpg,jb 11.jpg,-,https://drive.google.com/file/d/1dLCemXkOfIbowMNdy-THwr3bMFDNQjAw/view?usp=drive_link,https://drive.google.com/file/d/14O7w1OEauh_C7ZlZFcNuUnn2beD-eXmS/view?usp=drive_link,,,,,,,,,,
,,,12,Seberang CV Tunggal Jaya Plastik,"-7.175829,110.417122",-,tiang 12.jpg,jb 12.jpg,-,https://drive.google.com/file/d/1mVZYjtoUkX9vmvksD25VtcJ25jSOxVvr/view?usp=drive_link,https://drive.google.com/file/d/1ap-l_UNti8_u-FRF3WjOanbPUJZ7K1eG/view?usp=drive_link,,,,,,,,,,
,,,13,Depan bengkel,"-7.173911,110.416552",-,tiang 13.jpg,-,-,https://drive.google.com/file/d/1R15xyy3nqV7J3fqI6BfHIBIKeEAt870c/view?usp=drive_link,-,,,,,,,,,,
,,,14,Depan Tahubaxo Bu Pudji Wujil,"-7.170710,110.415081",-,tiang 14.jpg,jb 14.jpg,-,https://drive.google.com/file/d/1rueOVQhB6xnsQR73KRhCoa0diR9H4PtQ/view?usp=drive_link,https://drive.google.com/file/d/1xKHEByzSg6nUOJLdDkpixTJhG2pir2lQ/view?usp=drive_link,,,,,,,,,,